<annotation>
	<folder>Bilder_neu_0170</folder>
	<filename>A47_195_5_J_bow:arrow:.jpg</filename>
	<path>/Users/annacasters/Desktop/Bilder_neu_0170/A47_195_5_J_bow:arrow:.jpg</path>
	<source>
		<database>Unknown</database>
	</source>
	<size>
		<width>490</width>
		<height>699</height>
		<depth>3</depth>
	</size>
	<segmented>0</segmented>
	<object>
		<name>human</name>
		<pose>Unspecified</pose>
		<truncated>0</truncated>
		<difficult>0</difficult>
		<bndbox>
			<xmin>52</xmin>
			<ymin>22</ymin>
			<xmax>434</xmax>
			<ymax>672</ymax>
		</bndbox>
	</object>
	<object>
		<name>bow</name>
		<pose>Unspecified</pose>
		<truncated>0</truncated>
		<difficult>0</difficult>
		<bndbox>
			<xmin>271</xmin>
			<ymin>26</ymin>
			<xmax>378</xmax>
			<ymax>347</ymax>
		</bndbox>
	</object>
	<object>
		<name>arrow</name>
		<pose>Unspecified</pose>
		<truncated>0</truncated>
		<difficult>0</difficult>
		<bndbox>
			<xmin>321</xmin>
			<ymin>62</ymin>
			<xmax>425</xmax>
			<ymax>275</ymax>
		</bndbox>
	</object>
</annotation>
