<annotation>
	<folder>Bilder_neu_0170</folder>
	<filename>A50_7_1_C_wig; nose; mouth; chin; body decoration; shoes:bow.jpg</filename>
	<path>/Users/annacasters/Desktop/Bilder_neu_0170/A50_7_1_C_wig; nose; mouth; chin; body decoration; shoes:bow.jpg</path>
	<source>
		<database>Unknown</database>
	</source>
	<size>
		<width>1851</width>
		<height>1990</height>
		<depth>3</depth>
	</size>
	<segmented>0</segmented>
	<object>
		<name>headdeco</name>
		<pose>Unspecified</pose>
		<truncated>0</truncated>
		<difficult>0</difficult>
		<bndbox>
			<xmin>438</xmin>
			<ymin>63</ymin>
			<xmax>766</xmax>
			<ymax>322</ymax>
		</bndbox>
	</object>
	<object>
		<name>shoe</name>
		<pose>Unspecified</pose>
		<truncated>0</truncated>
		<difficult>0</difficult>
		<bndbox>
			<xmin>322</xmin>
			<ymin>1799</ymin>
			<xmax>679</xmax>
			<ymax>1940</ymax>
		</bndbox>
	</object>
	<object>
		<name>bow</name>
		<pose>Unspecified</pose>
		<truncated>0</truncated>
		<difficult>0</difficult>
		<bndbox>
			<xmin>361</xmin>
			<ymin>340</ymin>
			<xmax>1389</xmax>
			<ymax>850</ymax>
		</bndbox>
	</object>
</annotation>
