<annotation>
	<folder>Bilder_neu_0170</folder>
	<filename>A56_132_3_I_bow.jpg</filename>
	<path>/Users/annacasters/Desktop/Bilder_neu_0170/A56_132_3_I_bow.jpg</path>
	<source>
		<database>Unknown</database>
	</source>
	<size>
		<width>312</width>
		<height>412</height>
		<depth>3</depth>
	</size>
	<segmented>0</segmented>
	<object>
		<name>bow</name>
		<pose>Unspecified</pose>
		<truncated>0</truncated>
		<difficult>0</difficult>
		<bndbox>
			<xmin>102</xmin>
			<ymin>21</ymin>
			<xmax>279</xmax>
			<ymax>353</ymax>
		</bndbox>
	</object>
</annotation>
