<annotation>
	<folder>Bilder_neu_0170</folder>
	<filename>A56_51-55_1_D_wig.jpg</filename>
	<path>/Users/annacasters/Desktop/Bilder_neu_0170/A56_51-55_1_D_wig.jpg</path>
	<source>
		<database>Unknown</database>
	</source>
	<size>
		<width>1137</width>
		<height>350</height>
		<depth>3</depth>
	</size>
	<segmented>0</segmented>
	<object>
		<name>headdeco</name>
		<pose>Unspecified</pose>
		<truncated>0</truncated>
		<difficult>0</difficult>
		<bndbox>
			<xmin>53</xmin>
			<ymin>175</ymin>
			<xmax>165</xmax>
			<ymax>289</ymax>
		</bndbox>
	</object>
	<object>
		<name>headdeco</name>
		<pose>Unspecified</pose>
		<truncated>0</truncated>
		<difficult>0</difficult>
		<bndbox>
			<xmin>239</xmin>
			<ymin>125</ymin>
			<xmax>371</xmax>
			<ymax>252</ymax>
		</bndbox>
	</object>
	<object>
		<name>headdeco</name>
		<pose>Unspecified</pose>
		<truncated>0</truncated>
		<difficult>0</difficult>
		<bndbox>
			<xmin>538</xmin>
			<ymin>63</ymin>
			<xmax>656</xmax>
			<ymax>198</ymax>
		</bndbox>
	</object>
	<object>
		<name>headdeco</name>
		<pose>Unspecified</pose>
		<truncated>0</truncated>
		<difficult>0</difficult>
		<bndbox>
			<xmin>804</xmin>
			<ymin>38</ymin>
			<xmax>900</xmax>
			<ymax>156</ymax>
		</bndbox>
	</object>
	<object>
		<name>headdeco</name>
		<pose>Unspecified</pose>
		<truncated>0</truncated>
		<difficult>0</difficult>
		<bndbox>
			<xmin>977</xmin>
			<ymin>11</ymin>
			<xmax>1075</xmax>
			<ymax>126</ymax>
		</bndbox>
	</object>
</annotation>
