<annotation>
	<folder>Bilder_neu_0170</folder>
	<filename>A56_29_1_D_bow.jpg</filename>
	<path>/Users/annacasters/Desktop/Bilder_neu_0170/A56_29_1_D_bow.jpg</path>
	<source>
		<database>Unknown</database>
	</source>
	<size>
		<width>308</width>
		<height>486</height>
		<depth>3</depth>
	</size>
	<segmented>0</segmented>
	<object>
		<name>bow</name>
		<pose>Unspecified</pose>
		<truncated>0</truncated>
		<difficult>0</difficult>
		<bndbox>
			<xmin>108</xmin>
			<ymin>114</ymin>
			<xmax>247</xmax>
			<ymax>438</ymax>
		</bndbox>
	</object>
	<object>
		<name>arrow</name>
		<pose>Unspecified</pose>
		<truncated>0</truncated>
		<difficult>0</difficult>
		<bndbox>
			<xmin>221</xmin>
			<ymin>26</ymin>
			<xmax>261</xmax>
			<ymax>211</ymax>
		</bndbox>
	</object>
</annotation>
