<annotation>
	<folder>Bilder_neu_0170</folder>
	<filename>A56_19-20_1_D_wig.jpg</filename>
	<path>/Users/annacasters/Desktop/Bilder_neu_0170/A56_19-20_1_D_wig.jpg</path>
	<source>
		<database>Unknown</database>
	</source>
	<size>
		<width>317</width>
		<height>233</height>
		<depth>3</depth>
	</size>
	<segmented>0</segmented>
	<object>
		<name>headdeco</name>
		<pose>Unspecified</pose>
		<truncated>0</truncated>
		<difficult>0</difficult>
		<bndbox>
			<xmin>37</xmin>
			<ymin>83</ymin>
			<xmax>117</xmax>
			<ymax>162</ymax>
		</bndbox>
	</object>
	<object>
		<name>headdeco</name>
		<pose>Unspecified</pose>
		<truncated>0</truncated>
		<difficult>0</difficult>
		<bndbox>
			<xmin>210</xmin>
			<ymin>17</ymin>
			<xmax>291</xmax>
			<ymax>104</ymax>
		</bndbox>
	</object>
</annotation>
