<annotation>
	<folder>Bilder_neu_0170</folder>
	<filename>A56_26_1_D_bow.jpg</filename>
	<path>/Users/annacasters/Desktop/Bilder_neu_0170/A56_26_1_D_bow.jpg</path>
	<source>
		<database>Unknown</database>
	</source>
	<size>
		<width>131</width>
		<height>368</height>
		<depth>3</depth>
	</size>
	<segmented>0</segmented>
	<object>
		<name>bow</name>
		<pose>Unspecified</pose>
		<truncated>0</truncated>
		<difficult>0</difficult>
		<bndbox>
			<xmin>24</xmin>
			<ymin>16</ymin>
			<xmax>98</xmax>
			<ymax>327</ymax>
		</bndbox>
	</object>
</annotation>
