<annotation>
	<folder>Bilder_neu_0170</folder>
	<filename>A56_49_1_D_bow.jpg</filename>
	<path>/Users/annacasters/Desktop/Bilder_neu_0170/A56_49_1_D_bow.jpg</path>
	<source>
		<database>Unknown</database>
	</source>
	<size>
		<width>167</width>
		<height>396</height>
		<depth>3</depth>
	</size>
	<segmented>0</segmented>
	<object>
		<name>bow</name>
		<pose>Unspecified</pose>
		<truncated>0</truncated>
		<difficult>0</difficult>
		<bndbox>
			<xmin>66</xmin>
			<ymin>19</ymin>
			<xmax>146</xmax>
			<ymax>334</ymax>
		</bndbox>
	</object>
</annotation>
