<annotation>
	<folder>Bilder_neu_0170</folder>
	<filename>A57_232-233_3_B_human:bow.jpg</filename>
	<path>/Users/annacasters/Desktop/Bilder_neu_0170/A57_232-233_3_B_human:bow.jpg</path>
	<source>
		<database>Unknown</database>
	</source>
	<size>
		<width>510</width>
		<height>537</height>
		<depth>3</depth>
	</size>
	<segmented>0</segmented>
	<object>
		<name>human</name>
		<pose>Unspecified</pose>
		<truncated>0</truncated>
		<difficult>0</difficult>
		<bndbox>
			<xmin>37</xmin>
			<ymin>21</ymin>
			<xmax>269</xmax>
			<ymax>477</ymax>
		</bndbox>
	</object>
	<object>
		<name>human</name>
		<pose>Unspecified</pose>
		<truncated>1</truncated>
		<difficult>0</difficult>
		<bndbox>
			<xmin>276</xmin>
			<ymin>1</ymin>
			<xmax>451</xmax>
			<ymax>413</ymax>
		</bndbox>
	</object>
	<object>
		<name>bow</name>
		<pose>Unspecified</pose>
		<truncated>0</truncated>
		<difficult>0</difficult>
		<bndbox>
			<xmin>32</xmin>
			<ymin>29</ymin>
			<xmax>254</xmax>
			<ymax>311</ymax>
		</bndbox>
	</object>
	<object>
		<name>bow</name>
		<pose>Unspecified</pose>
		<truncated>0</truncated>
		<difficult>0</difficult>
		<bndbox>
			<xmin>358</xmin>
			<ymin>40</ymin>
			<xmax>464</xmax>
			<ymax>265</ymax>
		</bndbox>
	</object>
</annotation>
