<annotation>
	<folder>Bilder_neu_0170</folder>
	<filename>A60_149_5_B_bow:arrow.jpg</filename>
	<path>/Users/annacasters/Desktop/Bilder_neu_0170/A60_149_5_B_bow:arrow.jpg</path>
	<source>
		<database>Unknown</database>
	</source>
	<size>
		<width>452</width>
		<height>561</height>
		<depth>3</depth>
	</size>
	<segmented>0</segmented>
	<object>
		<name>bow</name>
		<pose>Unspecified</pose>
		<truncated>0</truncated>
		<difficult>0</difficult>
		<bndbox>
			<xmin>173</xmin>
			<ymin>76</ymin>
			<xmax>260</xmax>
			<ymax>456</ymax>
		</bndbox>
	</object>
	<object>
		<name>arrow</name>
		<pose>Unspecified</pose>
		<truncated>0</truncated>
		<difficult>0</difficult>
		<bndbox>
			<xmin>84</xmin>
			<ymin>55</ymin>
			<xmax>165</xmax>
			<ymax>147</ymax>
		</bndbox>
	</object>
	<object>
		<name>arrow</name>
		<pose>Unspecified</pose>
		<truncated>0</truncated>
		<difficult>0</difficult>
		<bndbox>
			<xmin>305</xmin>
			<ymin>261</ymin>
			<xmax>394</xmax>
			<ymax>283</ymax>
		</bndbox>
	</object>
</annotation>
