<annotation>
	<folder>Bilder_neu_0170</folder>
	<filename>A60_130-131_5_B_human:bag.jpg</filename>
	<path>/Users/annacasters/Desktop/Bilder_neu_0170/A60_130-131_5_B_human:bag.jpg</path>
	<source>
		<database>Unknown</database>
	</source>
	<size>
		<width>1043</width>
		<height>902</height>
		<depth>3</depth>
	</size>
	<segmented>0</segmented>
	<object>
		<name>human</name>
		<pose>Unspecified</pose>
		<truncated>0</truncated>
		<difficult>0</difficult>
		<bndbox>
			<xmin>129</xmin>
			<ymin>113</ymin>
			<xmax>472</xmax>
			<ymax>826</ymax>
		</bndbox>
	</object>
	<object>
		<name>human</name>
		<pose>Unspecified</pose>
		<truncated>0</truncated>
		<difficult>0</difficult>
		<bndbox>
			<xmin>519</xmin>
			<ymin>78</ymin>
			<xmax>974</xmax>
			<ymax>828</ymax>
		</bndbox>
	</object>
	<object>
		<name>headdeco</name>
		<pose>Unspecified</pose>
		<truncated>0</truncated>
		<difficult>0</difficult>
		<bndbox>
			<xmin>227</xmin>
			<ymin>113</ymin>
			<xmax>315</xmax>
			<ymax>251</ymax>
		</bndbox>
	</object>
	<object>
		<name>bag</name>
		<pose>Unspecified</pose>
		<truncated>0</truncated>
		<difficult>0</difficult>
		<bndbox>
			<xmin>152</xmin>
			<ymin>319</ymin>
			<xmax>378</xmax>
			<ymax>467</ymax>
		</bndbox>
	</object>
</annotation>
