<annotation>
	<folder>Bilder_neu_0170</folder>
	<filename>A60_155-160_human.jpg</filename>
	<path>/Users/annacasters/Desktop/Bilder_neu_0170/A60_155-160_human.jpg</path>
	<source>
		<database>Unknown</database>
	</source>
	<size>
		<width>1468</width>
		<height>828</height>
		<depth>3</depth>
	</size>
	<segmented>0</segmented>
	<object>
		<name>human</name>
		<pose>Unspecified</pose>
		<truncated>0</truncated>
		<difficult>0</difficult>
		<bndbox>
			<xmin>44</xmin>
			<ymin>86</ymin>
			<xmax>369</xmax>
			<ymax>606</ymax>
		</bndbox>
	</object>
	<object>
		<name>human</name>
		<pose>Unspecified</pose>
		<truncated>0</truncated>
		<difficult>0</difficult>
		<bndbox>
			<xmin>474</xmin>
			<ymin>97</ymin>
			<xmax>850</xmax>
			<ymax>671</ymax>
		</bndbox>
	</object>
	<object>
		<name>human</name>
		<pose>Unspecified</pose>
		<truncated>0</truncated>
		<difficult>0</difficult>
		<bndbox>
			<xmin>805</xmin>
			<ymin>56</ymin>
			<xmax>1100</xmax>
			<ymax>537</ymax>
		</bndbox>
	</object>
	<object>
		<name>human</name>
		<pose>Unspecified</pose>
		<truncated>0</truncated>
		<difficult>0</difficult>
		<bndbox>
			<xmin>964</xmin>
			<ymin>57</ymin>
			<xmax>1232</xmax>
			<ymax>506</ymax>
		</bndbox>
	</object>
	<object>
		<name>human</name>
		<pose>Unspecified</pose>
		<truncated>0</truncated>
		<difficult>0</difficult>
		<bndbox>
			<xmin>1162</xmin>
			<ymin>126</ymin>
			<xmax>1344</xmax>
			<ymax>464</ymax>
		</bndbox>
	</object>
	<object>
		<name>human</name>
		<pose>Unspecified</pose>
		<truncated>0</truncated>
		<difficult>0</difficult>
		<bndbox>
			<xmin>1210</xmin>
			<ymin>99</ymin>
			<xmax>1380</xmax>
			<ymax>427</ymax>
		</bndbox>
	</object>
	<object>
		<name>bag</name>
		<pose>Unspecified</pose>
		<truncated>0</truncated>
		<difficult>0</difficult>
		<bndbox>
			<xmin>174</xmin>
			<ymin>261</ymin>
			<xmax>357</xmax>
			<ymax>306</ymax>
		</bndbox>
	</object>
	<object>
		<name>bag</name>
		<pose>Unspecified</pose>
		<truncated>0</truncated>
		<difficult>0</difficult>
		<bndbox>
			<xmin>620</xmin>
			<ymin>346</ymin>
			<xmax>780</xmax>
			<ymax>397</ymax>
		</bndbox>
	</object>
</annotation>
