<annotation>
	<folder>Bilder_neu_0170</folder>
	<filename>A64_9-10_1_B_human:bag.jpg</filename>
	<path>/Users/annacasters/Desktop/Bilder_neu_0170/A64_9-10_1_B_human:bag.jpg</path>
	<source>
		<database>Unknown</database>
	</source>
	<size>
		<width>1506</width>
		<height>1016</height>
		<depth>3</depth>
	</size>
	<segmented>0</segmented>
	<object>
		<name>human</name>
		<pose>Unspecified</pose>
		<truncated>0</truncated>
		<difficult>0</difficult>
		<bndbox>
			<xmin>157</xmin>
			<ymin>88</ymin>
			<xmax>754</xmax>
			<ymax>994</ymax>
		</bndbox>
	</object>
	<object>
		<name>human</name>
		<pose>Unspecified</pose>
		<truncated>0</truncated>
		<difficult>0</difficult>
		<bndbox>
			<xmin>808</xmin>
			<ymin>33</ymin>
			<xmax>1496</xmax>
			<ymax>952</ymax>
		</bndbox>
	</object>
	<object>
		<name>bag</name>
		<pose>Unspecified</pose>
		<truncated>0</truncated>
		<difficult>0</difficult>
		<bndbox>
			<xmin>166</xmin>
			<ymin>303</ymin>
			<xmax>434</xmax>
			<ymax>447</ymax>
		</bndbox>
	</object>
</annotation>
