filename,width,height,class,xmin,ymin,xmax,ymax
A34_118-124_4_D_humans_antilope.jpg,2558,1219,human,113,728,533,1174
A34_118-124_4_D_humans_antilope.jpg,2558,1219,human,333,587,766,1071
A34_118-124_4_D_humans_antilope.jpg,2558,1219,human,568,497,961,1015
A34_118-124_4_D_humans_antilope.jpg,2558,1219,human,939,426,1379,1054
A34_118-124_4_D_humans_antilope.jpg,2558,1219,human,1479,452,2009,1010
A34_118-124_4_D_humans_antilope.jpg,2558,1219,human,2016,330,2476,817
A34_125-129_4_D_humans_Bock.jpg,1940,931,human,23,430,505,895
A34_125-129_4_D_humans_Bock.jpg,1940,931,human,733,192,1227,738
A34_125-129_4_D_humans_Bock.jpg,1940,931,human,1266,96,1730,555
A34_164-166_1_G_man.jpg,1351,741,human,7,81,281,578
A34_164-166_1_G_man.jpg,1351,741,human,650,35,939,699
A34_164-166_1_G_man.jpg,1351,741,human,1074,86,1335,565
A34_164-166_1_G_man.jpg,1351,741,penisatt,773,332,819,371
A34_164-166_1_G_man.jpg,1351,741,penisatt,1164,305,1206,351
A34_164-166_1_G_man.jpg,1351,741,bag,44,168,232,313
A34_20-22_1_C_humans.jpg,1037,730,human,451,100,810,659
A34_20-22_1_C_humans.jpg,1037,730,human,778,4,1035,497
A34_20-22_1_C_humans.jpg,1037,730,club,794,198,841,239
A34_200-207_8_H_humans.png,1385,1295,human,68,73,554,627
A34_200-207_8_H_humans.png,1385,1295,human,382,111,581,566
A34_200-207_8_H_humans.png,1385,1295,human,522,284,705,811
A34_200-207_8_H_humans.png,1385,1295,human,720,318,916,766
A34_200-207_8_H_humans.png,1385,1295,human,889,510,1103,958
A34_200-207_8_H_humans.png,1385,1295,human,1088,594,1294,998
A34_200-207_8_H_humans.png,1385,1295,human,1015,945,1250,1221
A34_200-207_8_H_humans.png,1385,1295,club,1295,735,1358,832
A34_200-207_8_H_humans.png,1385,1295,bag,612,253,826,318
A34_200-207_8_H_humans.png,1385,1295,bag,196,229,416,324
A34_239-245_9_M_human_Peruecken.jpg,1390,1000,human,177,355,438,958
A34_239-245_9_M_human_Peruecken.jpg,1390,1000,headdeco,32,373,136,513
A34_239-245_9_M_human_Peruecken.jpg,1390,1000,headdeco,374,316,500,413
A34_239-245_9_M_human_Peruecken.jpg,1390,1000,headdeco,900,723,1053,913
A34_239-245_9_M_human_Peruecken.jpg,1390,1000,headdeco,986,119,1131,269
A34_239-245_9_M_human_Peruecken.jpg,1390,1000,headdeco,1159,16,1279,116
A34_239-245_9_M_human_Peruecken.jpg,1390,1000,headdeco,723,171,819,297
A34_239-245_9_M_human_Peruecken.jpg,1390,1000,headdeco,667,745,765,822
A34_239-245_9_M_human_Peruecken.jpg,1390,1000,headdeco,516,433,749,532
A34_239-245_9_M_human_Peruecken.jpg,1390,1000,headdeco,778,372,905,551
A34_239-245_9_M_human_Peruecken.jpg,1390,1000,headdeco,922,325,1011,493
A34_239-245_9_M_human_Peruecken.jpg,1390,1000,headdeco,1181,324,1281,501
A34_239-245_9_M_human_Peruecken.jpg,1390,1000,headdeco,1197,178,1390,287
A37_14-26_2_F_humans_housing.jpg,2815,1109,human,188,350,340,610
A37_14-26_2_F_humans_housing.jpg,2815,1109,human,331,336,458,614
A37_14-26_2_F_humans_housing.jpg,2815,1109,human,449,244,586,678
A37_14-26_2_F_humans_housing.jpg,2815,1109,human,1358,200,1700,880
A37_14-26_2_F_humans_housing.jpg,2815,1109,human,1528,173,1856,866
A37_14-26_2_F_humans_housing.jpg,2815,1109,human,1787,118,2083,796
A37_14-26_2_F_humans_housing.jpg,2815,1109,human,1973,66,2200,857
A37_4_1_B_man.png,515,958,human,32,21,248,890
A37_4_1_B_man.png,515,958,bow,218,317,488,781
A38_19_20_1_D_humans_body decoration.jpg,637,756,human,9,156,384,741
A38_19_20_1_D_humans_body decoration.jpg,637,756,human,365,365,627,730
A38_19_20_1_D_humans_body decoration.jpg,637,756,headdeco,135,160,257,272
A38_19_20_1_D_humans_body decoration.jpg,637,756,headdeco,480,365,558,432
A38_19_20_1_D_humans_body decoration.jpg,637,756,stick,9,269,49,395
A38_19_20_1_D_humans_body decoration.jpg,637,756,stick,355,461,407,546
A38_452-459_7_K_Peruecken.jpg,882,267,headdeco,20,3,78,80
A38_452-459_7_K_Peruecken.jpg,882,267,headdeco,204,22,292,130
A38_452-459_7_K_Peruecken.jpg,882,267,headdeco,302,14,380,112
A38_452-459_7_K_Peruecken.jpg,882,267,headdeco,383,11,460,119
A38_452-459_7_K_Peruecken.jpg,882,267,headdeco,472,12,532,109
A38_452-459_7_K_Peruecken.jpg,882,267,headdeco,594,36,671,129
A38_452-459_7_K_Peruecken.jpg,882,267,headdeco,670,46,751,152
A38_452-459_7_K_Peruecken.jpg,882,267,headdeco,766,63,850,166
A38_477-479_7_N_humans_stroke_arrow.jpg,1324,909,human,6,29,582,545
A38_477-479_7_N_humans_stroke_arrow.jpg,1324,909,human,827,68,1254,599
A38_477-479_7_N_humans_stroke_arrow.jpg,1324,909,bow,135,154,336,452
A38_477-479_7_N_humans_stroke_arrow.jpg,1324,909,bow,1139,45,1228,348
A38_477-479_7_N_humans_stroke_arrow.jpg,1324,909,arrow,487,82,655,298
A38_477-479_7_N_humans_stroke_arrow.jpg,1324,909,arrow,1190,92,1294,177
A38_477-479_7_N_humans_stroke_arrow.jpg,1324,909,arrow,6,262,229,333
A38_477-479_7_N_humans_stroke_arrow.jpg,1324,909,arrow,790,572,892,603
A38_477-479_7_N_humans_stroke_arrow.jpg,1324,909,arrow,485,766,581,806
A38_477-479_7_N_humans_stroke_arrow.jpg,1324,909,arrow,287,634,437,684
A38_477-479_7_N_humans_stroke_arrow.jpg,1324,909,arrow,423,323,506,370
A38_477-479_7_N_humans_stroke_arrow.jpg,1324,909,arrow,885,36,1007,63
A38_477-479_7_N_humans_stroke_arrow.jpg,1324,909,arrow,86,640,210,687
A38_477-479_7_N_humans_stroke_arrow.jpg,1324,909,arrow,742,297,777,446
A38_477-479_7_N_humans_stroke_arrow.jpg,1324,909,penisatt,337,249,382,312
A38_497_8_N_human_Peruecke.jpg,350,635,human,14,53,345,565
A38_497_8_N_human_Peruecke.jpg,350,635,apron,105,261,140,333
A38_497_8_N_human_Peruecke.jpg,350,635,headdeco,117,64,203,137
A38_497_8_N_human_Peruecke.jpg,350,635,bow,300,108,338,270
A38_500_8_N_man.jpg,739,890,human,136,13,708,852
A38_500_8_N_man.jpg,739,890,bow,238,175,522,622
A38_500_8_N_man.jpg,739,890,arrow,37,439,271,522
A38_500_8_N_man.jpg,739,890,penisatt,446,359,511,430
A38_500_8_N_man.jpg,739,890,headdeco,370,17,494,130
A38_500_8_N_man.jpg,739,890,shoe,127,713,212,855
A38_500_8_N_man.jpg,739,890,shoe,570,768,701,842
A38_501_9_N_man_body decoration.jpg,597,709,human,15,14,473,662
A38_504_9_N_man_body decoration.jpg,742,940,human,6,90,680,819
A38_504_9_N_man_body decoration.jpg,742,940,club,1,278,180,355
A38_507_9_N_bow.jpg,333,344,bow,8,13,313,308
A38_6-7_1_B_humans_leg decoration.jpg,258,333,human,4,16,159,321
A38_6-7_1_B_humans_leg decoration.jpg,258,333,human,138,12,256,284
objects_01.jpg,501,845,arrow,119,47,169,108
objects_01.jpg,501,845,arrow,201,49,224,109
objects_01.jpg,501,845,arrow,268,47,315,108
objects_01.jpg,501,845,arrow,339,45,387,104
objects_01.jpg,501,845,arrow,416,49,451,109
objects_01.jpg,501,845,bag,107,163,176,224
objects_01.jpg,501,845,bag,182,160,248,221
objects_01.jpg,501,845,bag,258,159,318,227
objects_01.jpg,501,845,bag,329,160,389,226
objects_01.jpg,501,845,bag,395,160,473,220
objects_01.jpg,501,845,bag,101,294,180,339
objects_01.jpg,501,845,bag,183,278,249,339
objects_01.jpg,501,845,bag,264,271,326,342
objects_01.jpg,501,845,bag,337,288,378,342
objects_01.jpg,501,845,bag,395,292,465,334
objects_01.jpg,501,845,bag,113,387,172,454
objects_01.jpg,501,845,bag,184,388,247,450
objects_01.jpg,501,845,bow,118,500,174,565
objects_01.jpg,501,845,bow,189,504,229,562
objects_01.jpg,501,845,bow,264,501,307,563
objects_01.jpg,501,845,bow,337,496,371,568
objects_01.jpg,501,845,bow,406,493,461,568
objects_01.jpg,501,845,bow,123,624,171,684
objects_01.jpg,501,845,bow,188,622,251,689
objects_01.jpg,501,845,bow,268,617,308,690
objects_01.jpg,501,845,club,118,738,182,801
objects_01.jpg,501,845,club,194,742,236,801
objects_01.jpg,501,845,club,273,738,313,799
objects_02.jpg,685,509,instrument,174,42,247,124
objects_02.jpg,685,509,instrument,281,40,327,123
objects_02.jpg,685,509,instrument,378,42,428,127
objects_02.jpg,685,509,instrument,479,40,524,127
objects_02.jpg,685,509,instrument,585,39,635,124
objects_02.jpg,685,509,instrument,178,181,238,262
objects_02.jpg,685,509,stick,185,369,252,447
objects_02.jpg,685,509,stick,272,366,348,451
objects_02.jpg,685,509,stick,388,358,451,450
objects_03.jpg,523,883,headdeco,173,10,263,85
objects_03.jpg,523,883,headdeco,301,1,390,81
objects_03.jpg,523,883,headdeco,424,2,508,77
objects_03.jpg,523,883,headdeco,162,125,283,230
objects_03.jpg,523,883,headdeco,313,143,414,229
objects_03.jpg,523,883,headdeco,444,150,512,224
objects_03.jpg,523,883,headdeco,187,299,272,379
objects_03.jpg,523,883,headdeco,294,281,403,381
objects_03.jpg,523,883,headdeco,422,280,495,378
objects_03.jpg,523,883,penisatt,184,447,264,551
objects_03.jpg,523,883,penisatt,301,449,381,548
objects_03.jpg,523,883,penisatt,427,447,508,548
objects_03.jpg,523,883,penisatt,174,595,264,696
objects_03.jpg,523,883,penisatt,293,590,391,699
objects_03.jpg,523,883,penisatt,422,587,518,693
objects_03.jpg,523,883,penisatt,175,735,260,844
objects_04.jpg,554,633,kaross,172,1,262,120
objects_04.jpg,554,633,kaross,306,1,403,121
objects_04.jpg,554,633,kaross,433,1,531,119
objects_04.jpg,554,633,show,186,223,271,270
objects_04.jpg,554,633,show,304,228,397,268
objects_04.jpg,554,633,show,433,221,519,270
objects_04.jpg,554,633,pendants,183,335,284,432
objects_04.jpg,554,633,pendants,306,333,398,432
objects_04.jpg,554,633,apron,206,481,274,590
objects_04.jpg,554,633,apron,305,477,419,593
