<annotation>
	<folder>Bilder_neu_0170</folder>
	<filename>A56_37_1_D_wig.jpg</filename>
	<path>/Users/annacasters/Desktop/Bilder_neu_0170/A56_37_1_D_wig.jpg</path>
	<source>
		<database>Unknown</database>
	</source>
	<size>
		<width>196</width>
		<height>244</height>
		<depth>3</depth>
	</size>
	<segmented>0</segmented>
	<object>
		<name>headdeco</name>
		<pose>Unspecified</pose>
		<truncated>0</truncated>
		<difficult>0</difficult>
		<bndbox>
			<xmin>42</xmin>
			<ymin>13</ymin>
			<xmax>145</xmax>
			<ymax>146</ymax>
		</bndbox>
	</object>
</annotation>
