<annotation>
	<folder>Bilder_neu_0170</folder>
	<filename>A60_31_2_A_penis attachement.jpg</filename>
	<path>/Users/annacasters/Desktop/Bilder_neu_0170/A60_31_2_A_penis attachement.jpg</path>
	<source>
		<database>Unknown</database>
	</source>
	<size>
		<width>364</width>
		<height>549</height>
		<depth>3</depth>
	</size>
	<segmented>0</segmented>
	<object>
		<name>human</name>
		<pose>Unspecified</pose>
		<truncated>0</truncated>
		<difficult>0</difficult>
		<bndbox>
			<xmin>34</xmin>
			<ymin>16</ymin>
			<xmax>214</xmax>
			<ymax>524</ymax>
		</bndbox>
	</object>
	<object>
		<name>bag</name>
		<pose>Unspecified</pose>
		<truncated>0</truncated>
		<difficult>0</difficult>
		<bndbox>
			<xmin>109</xmin>
			<ymin>107</ymin>
			<xmax>205</xmax>
			<ymax>235</ymax>
		</bndbox>
	</object>
	<object>
		<name>penisatt</name>
		<pose>Unspecified</pose>
		<truncated>0</truncated>
		<difficult>0</difficult>
		<bndbox>
			<xmin>147</xmin>
			<ymin>230</ymin>
			<xmax>171</xmax>
			<ymax>259</ymax>
		</bndbox>
	</object>
</annotation>
