<annotation>
	<folder>Bilder_neu_0170</folder>
	<filename>A61_5_1_A_bow.jpg</filename>
	<path>/Users/annacasters/Desktop/Bilder_neu_0170/A61_5_1_A_bow.jpg</path>
	<source>
		<database>Unknown</database>
	</source>
	<size>
		<width>114</width>
		<height>298</height>
		<depth>3</depth>
	</size>
	<segmented>0</segmented>
	<object>
		<name>bow</name>
		<pose>Unspecified</pose>
		<truncated>0</truncated>
		<difficult>0</difficult>
		<bndbox>
			<xmin>47</xmin>
			<ymin>3</ymin>
			<xmax>98</xmax>
			<ymax>287</ymax>
		</bndbox>
	</object>
</annotation>
