<annotation>
	<folder>Bilder_neu_0170</folder>
	<filename>A61_10_1_A_wig.jpg</filename>
	<path>/Users/annacasters/Desktop/Bilder_neu_0170/A61_10_1_A_wig.jpg</path>
	<source>
		<database>Unknown</database>
	</source>
	<size>
		<width>261</width>
		<height>292</height>
		<depth>3</depth>
	</size>
	<segmented>0</segmented>
	<object>
		<name>headdeco</name>
		<pose>Unspecified</pose>
		<truncated>0</truncated>
		<difficult>0</difficult>
		<bndbox>
			<xmin>82</xmin>
			<ymin>64</ymin>
			<xmax>174</xmax>
			<ymax>166</ymax>
		</bndbox>
	</object>
</annotation>
