<annotation>
	<folder>img_left</folder>
	<filename>left_A3_75-83_3_E_.jpg</filename>
	<path>C:\Users\Annika\Desktop\Uni\SoSe_18\KI_Cultural_Heritage_Upper_Brandberg\bilder\img_left\left_A3_75-83_3_E_.jpg</path>
	<source>
		<database>Unknown</database>
	</source>
	<size>
		<width>1108</width>
		<height>1209</height>
		<depth>3</depth>
	</size>
	<segmented>0</segmented>
	<object>
		<name>human</name>
		<pose>Unspecified</pose>
		<truncated>0</truncated>
		<difficult>0</difficult>
		<bndbox>
			<xmin>318</xmin>
			<ymin>695</ymin>
			<xmax>652</xmax>
			<ymax>905</ymax>
		</bndbox>
	</object>
	<object>
		<name>stick</name>
		<pose>Unspecified</pose>
		<truncated>0</truncated>
		<difficult>0</difficult>
		<bndbox>
			<xmin>140</xmin>
			<ymin>654</ymin>
			<xmax>277</xmax>
			<ymax>852</ymax>
		</bndbox>
	</object>
	<object>
		<name>stick</name>
		<pose>Unspecified</pose>
		<truncated>0</truncated>
		<difficult>0</difficult>
		<bndbox>
			<xmin>333</xmin>
			<ymin>839</ymin>
			<xmax>491</xmax>
			<ymax>883</ymax>
		</bndbox>
	</object>
	<object>
		<name>club</name>
		<pose>Unspecified</pose>
		<truncated>0</truncated>
		<difficult>0</difficult>
		<bndbox>
			<xmin>423</xmin>
			<ymin>486</ymin>
			<xmax>596</xmax>
			<ymax>595</ymax>
		</bndbox>
	</object>
	<object>
		<name>club</name>
		<pose>Unspecified</pose>
		<truncated>0</truncated>
		<difficult>0</difficult>
		<bndbox>
			<xmin>740</xmin>
			<ymin>593</ymin>
			<xmax>926</xmax>
			<ymax>700</ymax>
		</bndbox>
	</object>
	<object>
		<name>club</name>
		<pose>Unspecified</pose>
		<truncated>0</truncated>
		<difficult>0</difficult>
		<bndbox>
			<xmin>682</xmin>
			<ymin>378</ymin>
			<xmax>833</xmax>
			<ymax>473</ymax>
		</bndbox>
	</object>
	<object>
		<name>human</name>
		<pose>Unspecified</pose>
		<truncated>1</truncated>
		<difficult>0</difficult>
		<bndbox>
			<xmin>740</xmin>
			<ymin>315</ymin>
			<xmax>1108</xmax>
			<ymax>436</ymax>
		</bndbox>
	</object>
</annotation>
