<annotation>
	<folder>img_left</folder>
	<filename>left_A1_26-28_2_A_.jpg</filename>
	<path>C:\Users\Annika\Desktop\Uni\SoSe_18\KI_Cultural_Heritage_Upper_Brandberg\bilder\img_left\left_A1_26-28_2_A_.jpg</path>
	<source>
		<database>Unknown</database>
	</source>
	<size>
		<width>1113</width>
		<height>1084</height>
		<depth>3</depth>
	</size>
	<segmented>0</segmented>
	<object>
		<name>human</name>
		<pose>Unspecified</pose>
		<truncated>0</truncated>
		<difficult>0</difficult>
		<bndbox>
			<xmin>52</xmin>
			<ymin>41</ymin>
			<xmax>469</xmax>
			<ymax>399</ymax>
		</bndbox>
	</object>
	<object>
		<name>human</name>
		<pose>Unspecified</pose>
		<truncated>0</truncated>
		<difficult>0</difficult>
		<bndbox>
			<xmin>208</xmin>
			<ymin>582</ymin>
			<xmax>574</xmax>
			<ymax>880</ymax>
		</bndbox>
	</object>
</annotation>
