<annotation>
	<folder>img_left</folder>
	<filename>left_A1_43-44_1X_B_.jpg</filename>
	<path>C:\Users\Annika\Desktop\Uni\SoSe_18\KI_Cultural_Heritage_Upper_Brandberg\bilder\img_left\left_A1_43-44_1X_B_.jpg</path>
	<source>
		<database>Unknown</database>
	</source>
	<size>
		<width>1555</width>
		<height>1107</height>
		<depth>3</depth>
	</size>
	<segmented>0</segmented>
	<object>
		<name>human</name>
		<pose>Unspecified</pose>
		<truncated>0</truncated>
		<difficult>0</difficult>
		<bndbox>
			<xmin>967</xmin>
			<ymin>256</ymin>
			<xmax>1479</xmax>
			<ymax>918</ymax>
		</bndbox>
	</object>
	<object>
		<name>bag</name>
		<pose>Unspecified</pose>
		<truncated>0</truncated>
		<difficult>0</difficult>
		<bndbox>
			<xmin>1090</xmin>
			<ymin>441</ymin>
			<xmax>1285</xmax>
			<ymax>523</ymax>
		</bndbox>
	</object>
	<object>
		<name>arrow</name>
		<pose>Unspecified</pose>
		<truncated>0</truncated>
		<difficult>0</difficult>
		<bndbox>
			<xmin>1187</xmin>
			<ymin>331</ymin>
			<xmax>1254</xmax>
			<ymax>436</ymax>
		</bndbox>
	</object>
</annotation>
