<annotation>
	<folder>img_left</folder>
	<filename>left_A4_3-6_1_A_woman_with_luggage_.jpg</filename>
	<path>C:\Users\Annika\Desktop\Uni\SoSe_18\KI_Cultural_Heritage_Upper_Brandberg\bilder\img_left\left_A4_3-6_1_A_woman_with_luggage_.jpg</path>
	<source>
		<database>Unknown</database>
	</source>
	<size>
		<width>1762</width>
		<height>1228</height>
		<depth>3</depth>
	</size>
	<segmented>0</segmented>
	<object>
		<name>bag</name>
		<pose>Unspecified</pose>
		<truncated>0</truncated>
		<difficult>0</difficult>
		<bndbox>
			<xmin>708</xmin>
			<ymin>639</ymin>
			<xmax>1010</xmax>
			<ymax>922</ymax>
		</bndbox>
	</object>
	<object>
		<name>human</name>
		<pose>Unspecified</pose>
		<truncated>0</truncated>
		<difficult>0</difficult>
		<bndbox>
			<xmin>345</xmin>
			<ymin>226</ymin>
			<xmax>716</xmax>
			<ymax>952</ymax>
		</bndbox>
	</object>
	<object>
		<name>human</name>
		<pose>Unspecified</pose>
		<truncated>0</truncated>
		<difficult>0</difficult>
		<bndbox>
			<xmin>864</xmin>
			<ymin>302</ymin>
			<xmax>1403</xmax>
			<ymax>1067</ymax>
		</bndbox>
	</object>
	<object>
		<name>pendants</name>
		<pose>Unspecified</pose>
		<truncated>0</truncated>
		<difficult>0</difficult>
		<bndbox>
			<xmin>360</xmin>
			<ymin>343</ymin>
			<xmax>701</xmax>
			<ymax>722</ymax>
		</bndbox>
	</object>
	<object>
		<name>stick</name>
		<pose>Unspecified</pose>
		<truncated>0</truncated>
		<difficult>0</difficult>
		<bndbox>
			<xmin>364</xmin>
			<ymin>376</ymin>
			<xmax>427</xmax>
			<ymax>539</ymax>
		</bndbox>
	</object>
</annotation>
