<annotation>
	<folder>img_left</folder>
	<filename>left_A3_100-102_3_E_.jpg</filename>
	<path>C:\Users\Annika\Desktop\Uni\SoSe_18\KI_Cultural_Heritage_Upper_Brandberg\bilder\img_left\left_A3_100-102_3_E_.jpg</path>
	<source>
		<database>Unknown</database>
	</source>
	<size>
		<width>936</width>
		<height>761</height>
		<depth>3</depth>
	</size>
	<segmented>0</segmented>
	<object>
		<name>human</name>
		<pose>Unspecified</pose>
		<truncated>0</truncated>
		<difficult>0</difficult>
		<bndbox>
			<xmin>326</xmin>
			<ymin>252</ymin>
			<xmax>628</xmax>
			<ymax>644</ymax>
		</bndbox>
	</object>
	<object>
		<name>pendants</name>
		<pose>Unspecified</pose>
		<truncated>0</truncated>
		<difficult>0</difficult>
		<bndbox>
			<xmin>179</xmin>
			<ymin>393</ymin>
			<xmax>348</xmax>
			<ymax>611</ymax>
		</bndbox>
	</object>
	<object>
		<name>headdeco</name>
		<pose>Unspecified</pose>
		<truncated>0</truncated>
		<difficult>0</difficult>
		<bndbox>
			<xmin>375</xmin>
			<ymin>44</ymin>
			<xmax>489</xmax>
			<ymax>121</ymax>
		</bndbox>
	</object>
</annotation>
