<annotation>
	<folder>img_left</folder>
	<filename>left_A3_213-223_7_K_.jpg</filename>
	<path>C:\Users\Annika\Desktop\Uni\SoSe_18\KI_Cultural_Heritage_Upper_Brandberg\bilder\img_left\left_A3_213-223_7_K_.jpg</path>
	<source>
		<database>Unknown</database>
	</source>
	<size>
		<width>815</width>
		<height>1742</height>
		<depth>3</depth>
	</size>
	<segmented>0</segmented>
	<object>
		<name>human</name>
		<pose>Unspecified</pose>
		<truncated>0</truncated>
		<difficult>0</difficult>
		<bndbox>
			<xmin>52</xmin>
			<ymin>541</ymin>
			<xmax>150</xmax>
			<ymax>824</ymax>
		</bndbox>
	</object>
	<object>
		<name>human</name>
		<pose>Unspecified</pose>
		<truncated>0</truncated>
		<difficult>0</difficult>
		<bndbox>
			<xmin>143</xmin>
			<ymin>497</ymin>
			<xmax>260</xmax>
			<ymax>824</ymax>
		</bndbox>
	</object>
	<object>
		<name>human</name>
		<pose>Unspecified</pose>
		<truncated>0</truncated>
		<difficult>0</difficult>
		<bndbox>
			<xmin>235</xmin>
			<ymin>507</ymin>
			<xmax>345</xmax>
			<ymax>849</ymax>
		</bndbox>
	</object>
	<object>
		<name>human</name>
		<pose>Unspecified</pose>
		<truncated>0</truncated>
		<difficult>0</difficult>
		<bndbox>
			<xmin>377</xmin>
			<ymin>545</ymin>
			<xmax>524</xmax>
			<ymax>847</ymax>
		</bndbox>
	</object>
	<object>
		<name>human</name>
		<pose>Unspecified</pose>
		<truncated>0</truncated>
		<difficult>0</difficult>
		<bndbox>
			<xmin>533</xmin>
			<ymin>524</ymin>
			<xmax>691</xmax>
			<ymax>808</ymax>
		</bndbox>
	</object>
	<object>
		<name>human</name>
		<pose>Unspecified</pose>
		<truncated>0</truncated>
		<difficult>0</difficult>
		<bndbox>
			<xmin>660</xmin>
			<ymin>562</ymin>
			<xmax>804</xmax>
			<ymax>847</ymax>
		</bndbox>
	</object>
	<object>
		<name>kaross</name>
		<pose>Unspecified</pose>
		<truncated>0</truncated>
		<difficult>0</difficult>
		<bndbox>
			<xmin>164</xmin>
			<ymin>547</ymin>
			<xmax>243</xmax>
			<ymax>703</ymax>
		</bndbox>
	</object>
	<object>
		<name>kaross</name>
		<pose>Unspecified</pose>
		<truncated>0</truncated>
		<difficult>0</difficult>
		<bndbox>
			<xmin>258</xmin>
			<ymin>562</ymin>
			<xmax>356</xmax>
			<ymax>720</ymax>
		</bndbox>
	</object>
	<object>
		<name>kaross</name>
		<pose>Unspecified</pose>
		<truncated>0</truncated>
		<difficult>0</difficult>
		<bndbox>
			<xmin>395</xmin>
			<ymin>595</ymin>
			<xmax>497</xmax>
			<ymax>733</ymax>
		</bndbox>
	</object>
	<object>
		<name>kaross</name>
		<pose>Unspecified</pose>
		<truncated>0</truncated>
		<difficult>0</difficult>
		<bndbox>
			<xmin>535</xmin>
			<ymin>589</ymin>
			<xmax>645</xmax>
			<ymax>762</ymax>
		</bndbox>
	</object>
</annotation>
