<annotation>
	<folder>img_left</folder>
	<filename>left_A2_82-86_3_E_.jpg</filename>
	<path>C:\Users\Annika\Desktop\Uni\SoSe_18\KI_Cultural_Heritage_Upper_Brandberg\bilder\img_left\left_A2_82-86_3_E_.jpg</path>
	<source>
		<database>Unknown</database>
	</source>
	<size>
		<width>1004</width>
		<height>588</height>
		<depth>3</depth>
	</size>
	<segmented>0</segmented>
	<object>
		<name>human</name>
		<pose>Unspecified</pose>
		<truncated>0</truncated>
		<difficult>0</difficult>
		<bndbox>
			<xmin>9</xmin>
			<ymin>194</ymin>
			<xmax>196</xmax>
			<ymax>514</ymax>
		</bndbox>
	</object>
	<object>
		<name>human</name>
		<pose>Unspecified</pose>
		<truncated>0</truncated>
		<difficult>0</difficult>
		<bndbox>
			<xmin>191</xmin>
			<ymin>186</ymin>
			<xmax>391</xmax>
			<ymax>520</ymax>
		</bndbox>
	</object>
	<object>
		<name>human</name>
		<pose>Unspecified</pose>
		<truncated>0</truncated>
		<difficult>0</difficult>
		<bndbox>
			<xmin>415</xmin>
			<ymin>127</ymin>
			<xmax>615</xmax>
			<ymax>490</ymax>
		</bndbox>
	</object>
	<object>
		<name>human</name>
		<pose>Unspecified</pose>
		<truncated>0</truncated>
		<difficult>0</difficult>
		<bndbox>
			<xmin>657</xmin>
			<ymin>81</ymin>
			<xmax>883</xmax>
			<ymax>477</ymax>
		</bndbox>
	</object>
	<object>
		<name>human</name>
		<pose>Unspecified</pose>
		<truncated>1</truncated>
		<difficult>0</difficult>
		<bndbox>
			<xmin>783</xmin>
			<ymin>127</ymin>
			<xmax>1004</xmax>
			<ymax>379</ymax>
		</bndbox>
	</object>
	<object>
		<name>headdeco</name>
		<pose>Unspecified</pose>
		<truncated>0</truncated>
		<difficult>0</difficult>
		<bndbox>
			<xmin>483</xmin>
			<ymin>127</ymin>
			<xmax>561</xmax>
			<ymax>188</ymax>
		</bndbox>
	</object>
	<object>
		<name>headdeco</name>
		<pose>Unspecified</pose>
		<truncated>0</truncated>
		<difficult>0</difficult>
		<bndbox>
			<xmin>250</xmin>
			<ymin>190</ymin>
			<xmax>322</xmax>
			<ymax>233</ymax>
		</bndbox>
	</object>
	<object>
		<name>headdeco</name>
		<pose>Unspecified</pose>
		<truncated>0</truncated>
		<difficult>0</difficult>
		<bndbox>
			<xmin>689</xmin>
			<ymin>81</ymin>
			<xmax>781</xmax>
			<ymax>144</ymax>
		</bndbox>
	</object>
</annotation>
