<annotation>
	<folder>img_left</folder>
	<filename>left_A3_160_6_JK_.jpg</filename>
	<path>C:\Users\Annika\Desktop\Uni\SoSe_18\KI_Cultural_Heritage_Upper_Brandberg\bilder\img_left\left_A3_160_6_JK_.jpg</path>
	<source>
		<database>Unknown</database>
	</source>
	<size>
		<width>429</width>
		<height>621</height>
		<depth>3</depth>
	</size>
	<segmented>0</segmented>
	<object>
		<name>bow</name>
		<pose>Unspecified</pose>
		<truncated>0</truncated>
		<difficult>0</difficult>
		<bndbox>
			<xmin>54</xmin>
			<ymin>250</ymin>
			<xmax>405</xmax>
			<ymax>366</ymax>
		</bndbox>
	</object>
	<object>
		<name>human</name>
		<pose>Unspecified</pose>
		<truncated>0</truncated>
		<difficult>0</difficult>
		<bndbox>
			<xmin>84</xmin>
			<ymin>59</ymin>
			<xmax>381</xmax>
			<ymax>603</ymax>
		</bndbox>
	</object>
</annotation>
