<annotation>
	<folder>img_left</folder>
	<filename>left_A3_68-73_3_D_.jpg</filename>
	<path>C:\Users\Annika\Desktop\Uni\SoSe_18\KI_Cultural_Heritage_Upper_Brandberg\bilder\img_left\left_A3_68-73_3_D_.jpg</path>
	<source>
		<database>Unknown</database>
	</source>
	<size>
		<width>886</width>
		<height>773</height>
		<depth>3</depth>
	</size>
	<segmented>0</segmented>
	<object>
		<name>headdeco</name>
		<pose>Unspecified</pose>
		<truncated>0</truncated>
		<difficult>0</difficult>
		<bndbox>
			<xmin>451</xmin>
			<ymin>122</ymin>
			<xmax>512</xmax>
			<ymax>195</ymax>
		</bndbox>
	</object>
	<object>
		<name>headdeco</name>
		<pose>Unspecified</pose>
		<truncated>0</truncated>
		<difficult>0</difficult>
		<bndbox>
			<xmin>674</xmin>
			<ymin>118</ymin>
			<xmax>751</xmax>
			<ymax>187</ymax>
		</bndbox>
	</object>
	<object>
		<name>headdeco</name>
		<pose>Unspecified</pose>
		<truncated>0</truncated>
		<difficult>0</difficult>
		<bndbox>
			<xmin>759</xmin>
			<ymin>120</ymin>
			<xmax>837</xmax>
			<ymax>197</ymax>
		</bndbox>
	</object>
	<object>
		<name>headdeco</name>
		<pose>Unspecified</pose>
		<truncated>0</truncated>
		<difficult>0</difficult>
		<bndbox>
			<xmin>420</xmin>
			<ymin>310</ymin>
			<xmax>555</xmax>
			<ymax>431</ymax>
		</bndbox>
	</object>
</annotation>
