<annotation>
	<folder>img_left</folder>
	<filename>left_A34_125-129_4_D_humans_Bock.jpg</filename>
	<path>C:\Users\Annika\Desktop\Uni\SoSe_18\KI_Cultural_Heritage_Upper_Brandberg\bilder\img_left\left_A34_125-129_4_D_humans_Bock.jpg</path>
	<source>
		<database>Unknown</database>
	</source>
	<size>
		<width>1940</width>
		<height>931</height>
		<depth>3</depth>
	</size>
	<segmented>0</segmented>
	<object>
		<name>human</name>
		<pose>Unspecified</pose>
		<truncated>0</truncated>
		<difficult>0</difficult>
		<bndbox>
			<xmin>224</xmin>
			<ymin>115</ymin>
			<xmax>702</xmax>
			<ymax>585</ymax>
		</bndbox>
	</object>
	<object>
		<name>human</name>
		<pose>Unspecified</pose>
		<truncated>0</truncated>
		<difficult>0</difficult>
		<bndbox>
			<xmin>746</xmin>
			<ymin>189</ymin>
			<xmax>1198</xmax>
			<ymax>715</ymax>
		</bndbox>
	</object>
	<object>
		<name>human</name>
		<pose>Unspecified</pose>
		<truncated>1</truncated>
		<difficult>0</difficult>
		<bndbox>
			<xmin>1446</xmin>
			<ymin>424</ymin>
			<xmax>1841</xmax>
			<ymax>931</ymax>
		</bndbox>
	</object>
</annotation>
