<annotation>
	<folder>img_left</folder>
	<filename>left_A2_29-33_3_D_.jpg</filename>
	<path>C:\Users\Annika\Desktop\Uni\SoSe_18\KI_Cultural_Heritage_Upper_Brandberg\bilder\img_left\left_A2_29-33_3_D_.jpg</path>
	<source>
		<database>Unknown</database>
	</source>
	<size>
		<width>2169</width>
		<height>1594</height>
		<depth>3</depth>
	</size>
	<segmented>0</segmented>
	<object>
		<name>human</name>
		<pose>Unspecified</pose>
		<truncated>0</truncated>
		<difficult>0</difficult>
		<bndbox>
			<xmin>1206</xmin>
			<ymin>32</ymin>
			<xmax>1534</xmax>
			<ymax>951</ymax>
		</bndbox>
	</object>
	<object>
		<name>human</name>
		<pose>Unspecified</pose>
		<truncated>0</truncated>
		<difficult>0</difficult>
		<bndbox>
			<xmin>1496</xmin>
			<ymin>213</ymin>
			<xmax>1782</xmax>
			<ymax>875</ymax>
		</bndbox>
	</object>
	<object>
		<name>club</name>
		<pose>Unspecified</pose>
		<truncated>0</truncated>
		<difficult>0</difficult>
		<bndbox>
			<xmin>1448</xmin>
			<ymin>434</ymin>
			<xmax>1610</xmax>
			<ymax>646</ymax>
		</bndbox>
	</object>
</annotation>
