<annotation>
	<folder>img_left</folder>
	<filename>left_A3_N-Z_6_JK_.jpg</filename>
	<path>C:\Users\Annika\Desktop\Uni\SoSe_18\KI_Cultural_Heritage_Upper_Brandberg\bilder\img_left\left_A3_N-Z_6_JK_.jpg</path>
	<source>
		<database>Unknown</database>
	</source>
	<size>
		<width>2732</width>
		<height>3653</height>
		<depth>3</depth>
	</size>
	<segmented>0</segmented>
	<object>
		<name>human</name>
		<pose>Unspecified</pose>
		<truncated>0</truncated>
		<difficult>0</difficult>
		<bndbox>
			<xmin>54</xmin>
			<ymin>1118</ymin>
			<xmax>658</xmax>
			<ymax>1853</ymax>
		</bndbox>
	</object>
	<object>
		<name>human</name>
		<pose>Unspecified</pose>
		<truncated>0</truncated>
		<difficult>0</difficult>
		<bndbox>
			<xmin>527</xmin>
			<ymin>1261</ymin>
			<xmax>1085</xmax>
			<ymax>1891</ymax>
		</bndbox>
	</object>
	<object>
		<name>human</name>
		<pose>Unspecified</pose>
		<truncated>0</truncated>
		<difficult>0</difficult>
		<bndbox>
			<xmin>1104</xmin>
			<ymin>1337</ymin>
			<xmax>1458</xmax>
			<ymax>2334</ymax>
		</bndbox>
	</object>
	<object>
		<name>human</name>
		<pose>Unspecified</pose>
		<truncated>0</truncated>
		<difficult>0</difficult>
		<bndbox>
			<xmin>681</xmin>
			<ymin>2318</ymin>
			<xmax>1377</xmax>
			<ymax>2903</ymax>
		</bndbox>
	</object>
	<object>
		<name>human</name>
		<pose>Unspecified</pose>
		<truncated>0</truncated>
		<difficult>0</difficult>
		<bndbox>
			<xmin>1146</xmin>
			<ymin>2645</ymin>
			<xmax>1812</xmax>
			<ymax>3268</ymax>
		</bndbox>
	</object>
</annotation>
