<annotation>
	<folder>img_left</folder>
	<filename>left_A3_5-9_1_L_.jpg</filename>
	<path>C:\Users\Annika\Desktop\Uni\SoSe_18\KI_Cultural_Heritage_Upper_Brandberg\bilder\img_left\left_A3_5-9_1_L_.jpg</path>
	<source>
		<database>Unknown</database>
	</source>
	<size>
		<width>1808</width>
		<height>1146</height>
		<depth>3</depth>
	</size>
	<segmented>0</segmented>
	<object>
		<name>human</name>
		<pose>Unspecified</pose>
		<truncated>0</truncated>
		<difficult>0</difficult>
		<bndbox>
			<xmin>202</xmin>
			<ymin>743</ymin>
			<xmax>534</xmax>
			<ymax>1111</ymax>
		</bndbox>
	</object>
</annotation>
