<annotation>
	<folder>img_left</folder>
	<filename>left_A3_169-172_6_JK_.jpg</filename>
	<path>C:\Users\Annika\Desktop\Uni\SoSe_18\KI_Cultural_Heritage_Upper_Brandberg\bilder\img_left\left_A3_169-172_6_JK_.jpg</path>
	<source>
		<database>Unknown</database>
	</source>
	<size>
		<width>962</width>
		<height>998</height>
		<depth>3</depth>
	</size>
	<segmented>0</segmented>
	<object>
		<name>human</name>
		<pose>Unspecified</pose>
		<truncated>0</truncated>
		<difficult>0</difficult>
		<bndbox>
			<xmin>46</xmin>
			<ymin>58</ymin>
			<xmax>465</xmax>
			<ymax>783</ymax>
		</bndbox>
	</object>
	<object>
		<name>human</name>
		<pose>Unspecified</pose>
		<truncated>0</truncated>
		<difficult>0</difficult>
		<bndbox>
			<xmin>440</xmin>
			<ymin>188</ymin>
			<xmax>804</xmax>
			<ymax>894</ymax>
		</bndbox>
	</object>
	<object>
		<name>human</name>
		<pose>Unspecified</pose>
		<truncated>0</truncated>
		<difficult>0</difficult>
		<bndbox>
			<xmin>769</xmin>
			<ymin>396</ymin>
			<xmax>850</xmax>
			<ymax>569</ymax>
		</bndbox>
	</object>
	<object>
		<name>stick</name>
		<pose>Unspecified</pose>
		<truncated>0</truncated>
		<difficult>0</difficult>
		<bndbox>
			<xmin>656</xmin>
			<ymin>508</ymin>
			<xmax>721</xmax>
			<ymax>550</ymax>
		</bndbox>
	</object>
	<object>
		<name>stick</name>
		<pose>Unspecified</pose>
		<truncated>0</truncated>
		<difficult>0</difficult>
		<bndbox>
			<xmin>419</xmin>
			<ymin>429</ymin>
			<xmax>527</xmax>
			<ymax>475</ymax>
		</bndbox>
	</object>
</annotation>
