<annotation>
	<folder>A3</folder>
	<filename>A3_100-102_3_E_.jpg</filename>
	<path>C:/Users/Sören/Documents/Cultural Heritage and Artificial Intelligence/Amis 1-33/A3/A3_100-102_3_E_.jpg</path>
	<source>
		<database>Unknown</database>
	</source>
	<size>
		<width>936</width>
		<height>762</height>
		<depth>3</depth>
	</size>
	<segmented>0</segmented>
	<object>
		<name>human</name>
		<pose>Unspecified</pose>
		<truncated>0</truncated>
		<difficult>0</difficult>
		<bndbox>
			<xmin>163</xmin>
			<ymin>30</ymin>
			<xmax>312</xmax>
			<ymax>276</ymax>
		</bndbox>
	</object>
	<object>
		<name>human</name>
		<pose>Unspecified</pose>
		<truncated>0</truncated>
		<difficult>0</difficult>
		<bndbox>
			<xmin>328</xmin>
			<ymin>247</ymin>
			<xmax>616</xmax>
			<ymax>641</ymax>
		</bndbox>
	</object>
	<object>
		<name>wig</name>
		<pose>Unspecified</pose>
		<truncated>0</truncated>
		<difficult>0</difficult>
		<bndbox>
			<xmin>467</xmin>
			<ymin>50</ymin>
			<xmax>567</xmax>
			<ymax>117</ymax>
		</bndbox>
	</object>
	<object>
		<name>human</name>
		<pose>Unspecified</pose>
		<truncated>0</truncated>
		<difficult>0</difficult>
		<bndbox>
			<xmin>607</xmin>
			<ymin>44</ymin>
			<xmax>810</xmax>
			<ymax>496</ymax>
		</bndbox>
	</object>
	<object>
		<name>pendant</name>
		<pose>Unspecified</pose>
		<truncated>0</truncated>
		<difficult>0</difficult>
		<bndbox>
			<xmin>614</xmin>
			<ymin>399</ymin>
			<xmax>761</xmax>
			<ymax>578</ymax>
		</bndbox>
	</object>
</annotation>
