<annotation>
	<folder>A3</folder>
	<filename>A3_1_1_L_.jpg</filename>
	<path>C:/Users/Sören/Documents/Cultural Heritage and Artificial Intelligence/Amis 1-33/A3/A3_1_1_L_.jpg</path>
	<source>
		<database>Unknown</database>
	</source>
	<size>
		<width>1056</width>
		<height>1770</height>
		<depth>3</depth>
	</size>
	<segmented>0</segmented>
	<object>
		<name>human</name>
		<pose>Unspecified</pose>
		<truncated>0</truncated>
		<difficult>0</difficult>
		<bndbox>
			<xmin>38</xmin>
			<ymin>62</ymin>
			<xmax>958</xmax>
			<ymax>1524</ymax>
		</bndbox>
	</object>
</annotation>
