<annotation>
	<folder>A3</folder>
	<filename>A3_213-223_7_K_.jpg</filename>
	<path>C:/Users/Sören/Documents/Cultural Heritage and Artificial Intelligence/Amis 1-33/A3/A3_213-223_7_K_.jpg</path>
	<source>
		<database>Unknown</database>
	</source>
	<size>
		<width>816</width>
		<height>1744</height>
		<depth>3</depth>
	</size>
	<segmented>0</segmented>
	<object>
		<name>human</name>
		<pose>Unspecified</pose>
		<truncated>0</truncated>
		<difficult>0</difficult>
		<bndbox>
			<xmin>66</xmin>
			<ymin>549</ymin>
			<xmax>163</xmax>
			<ymax>811</ymax>
		</bndbox>
	</object>
	<object>
		<name>human</name>
		<pose>Unspecified</pose>
		<truncated>0</truncated>
		<difficult>0</difficult>
		<bndbox>
			<xmin>151</xmin>
			<ymin>524</ymin>
			<xmax>289</xmax>
			<ymax>774</ymax>
		</bndbox>
	</object>
	<object>
		<name>human</name>
		<pose>Unspecified</pose>
		<truncated>0</truncated>
		<difficult>0</difficult>
		<bndbox>
			<xmin>291</xmin>
			<ymin>473</ymin>
			<xmax>466</xmax>
			<ymax>846</ymax>
		</bndbox>
	</object>
	<object>
		<name>human</name>
		<pose>Unspecified</pose>
		<truncated>0</truncated>
		<difficult>0</difficult>
		<bndbox>
			<xmin>466</xmin>
			<ymin>509</ymin>
			<xmax>591</xmax>
			<ymax>834</ymax>
		</bndbox>
	</object>
	<object>
		<name>human</name>
		<pose>Unspecified</pose>
		<truncated>0</truncated>
		<difficult>0</difficult>
		<bndbox>
			<xmin>574</xmin>
			<ymin>505</ymin>
			<xmax>703</xmax>
			<ymax>818</ymax>
		</bndbox>
	</object>
	<object>
		<name>human</name>
		<pose>Unspecified</pose>
		<truncated>0</truncated>
		<difficult>0</difficult>
		<bndbox>
			<xmin>678</xmin>
			<ymin>543</ymin>
			<xmax>767</xmax>
			<ymax>808</ymax>
		</bndbox>
	</object>
	<object>
		<name>kaross</name>
		<pose>Unspecified</pose>
		<truncated>0</truncated>
		<difficult>0</difficult>
		<bndbox>
			<xmin>125</xmin>
			<ymin>587</ymin>
			<xmax>291</xmax>
			<ymax>753</ymax>
		</bndbox>
	</object>
	<object>
		<name>kaross</name>
		<pose>Unspecified</pose>
		<truncated>0</truncated>
		<difficult>0</difficult>
		<bndbox>
			<xmin>321</xmin>
			<ymin>590</ymin>
			<xmax>415</xmax>
			<ymax>731</ymax>
		</bndbox>
	</object>
	<object>
		<name>kaross</name>
		<pose>Unspecified</pose>
		<truncated>0</truncated>
		<difficult>0</difficult>
		<bndbox>
			<xmin>470</xmin>
			<ymin>571</ymin>
			<xmax>562</xmax>
			<ymax>720</ymax>
		</bndbox>
	</object>
	<object>
		<name>kaross</name>
		<pose>Unspecified</pose>
		<truncated>0</truncated>
		<difficult>0</difficult>
		<bndbox>
			<xmin>577</xmin>
			<ymin>567</ymin>
			<xmax>641</xmax>
			<ymax>698</ymax>
		</bndbox>
	</object>
</annotation>
