<annotation>
	<folder>train</folder>
	<filename>A34_164-166_1_G_man.jpg</filename>
	<path>C:\Users\Annika\Desktop\Uni\SoSe_18\KI_Cultural_Heritage_Upper_Brandberg\bilder\train\A34_164-166_1_G_man.jpg</path>
	<source>
		<database>Unknown</database>
	</source>
	<size>
		<width>1351</width>
		<height>741</height>
		<depth>3</depth>
	</size>
	<segmented>0</segmented>
	<object>
		<name>human</name>
		<pose>Unspecified</pose>
		<truncated>0</truncated>
		<difficult>0</difficult>
		<bndbox>
			<xmin>7</xmin>
			<ymin>81</ymin>
			<xmax>281</xmax>
			<ymax>578</ymax>
		</bndbox>
	</object>
	<object>
		<name>human</name>
		<pose>Unspecified</pose>
		<truncated>0</truncated>
		<difficult>0</difficult>
		<bndbox>
			<xmin>650</xmin>
			<ymin>35</ymin>
			<xmax>939</xmax>
			<ymax>699</ymax>
		</bndbox>
	</object>
	<object>
		<name>human</name>
		<pose>Unspecified</pose>
		<truncated>0</truncated>
		<difficult>0</difficult>
		<bndbox>
			<xmin>1074</xmin>
			<ymin>86</ymin>
			<xmax>1335</xmax>
			<ymax>565</ymax>
		</bndbox>
	</object>
	<object>
		<name>penisatt</name>
		<pose>Unspecified</pose>
		<truncated>0</truncated>
		<difficult>0</difficult>
		<bndbox>
			<xmin>773</xmin>
			<ymin>332</ymin>
			<xmax>819</xmax>
			<ymax>371</ymax>
		</bndbox>
	</object>
	<object>
		<name>penisatt</name>
		<pose>Unspecified</pose>
		<truncated>0</truncated>
		<difficult>0</difficult>
		<bndbox>
			<xmin>1164</xmin>
			<ymin>305</ymin>
			<xmax>1206</xmax>
			<ymax>351</ymax>
		</bndbox>
	</object>
	<object>
		<name>bag</name>
		<pose>Unspecified</pose>
		<truncated>0</truncated>
		<difficult>0</difficult>
		<bndbox>
			<xmin>42</xmin>
			<ymin>171</ymin>
			<xmax>232</xmax>
			<ymax>313</ymax>
		</bndbox>
	</object>
	<object>
		<name>arrow</name>
		<pose>Unspecified</pose>
		<truncated>0</truncated>
		<difficult>0</difficult>
		<bndbox>
			<xmin>967</xmin>
			<ymin>130</ymin>
			<xmax>1063</xmax>
			<ymax>162</ymax>
		</bndbox>
	</object>
	<object>
		<name>arrow</name>
		<pose>Unspecified</pose>
		<truncated>0</truncated>
		<difficult>0</difficult>
		<bndbox>
			<xmin>1171</xmin>
			<ymin>240</ymin>
			<xmax>1291</xmax>
			<ymax>312</ymax>
		</bndbox>
	</object>
	<object>
		<name>arrow</name>
		<pose>Unspecified</pose>
		<truncated>0</truncated>
		<difficult>0</difficult>
		<bndbox>
			<xmin>6</xmin>
			<ymin>145</ymin>
			<xmax>61</xmax>
			<ymax>186</ymax>
		</bndbox>
	</object>
</annotation>
