<annotation>
	<folder>train</folder>
	<filename>A37_4_1_B_man.png</filename>
	<path>C:\Users\Annika\Desktop\Uni\SoSe_18\KI_Cultural_Heritage_Upper_Brandberg\bilder\train\A37_4_1_B_man.png</path>
	<source>
		<database>Unknown</database>
	</source>
	<size>
		<width>515</width>
		<height>958</height>
		<depth>3</depth>
	</size>
	<segmented>0</segmented>
	<object>
		<name>human</name>
		<pose>Unspecified</pose>
		<truncated>0</truncated>
		<difficult>0</difficult>
		<bndbox>
			<xmin>32</xmin>
			<ymin>21</ymin>
			<xmax>248</xmax>
			<ymax>890</ymax>
		</bndbox>
	</object>
	<object>
		<name>bow</name>
		<pose>Unspecified</pose>
		<truncated>0</truncated>
		<difficult>0</difficult>
		<bndbox>
			<xmin>218</xmin>
			<ymin>317</ymin>
			<xmax>488</xmax>
			<ymax>781</ymax>
		</bndbox>
	</object>
	<object>
		<name>bag</name>
		<pose>Unspecified</pose>
		<truncated>0</truncated>
		<difficult>0</difficult>
		<bndbox>
			<xmin>168</xmin>
			<ymin>309</ymin>
			<xmax>386</xmax>
			<ymax>645</ymax>
		</bndbox>
	</object>
</annotation>
