<annotation>
	<folder>images</folder>
	<filename>A37_14-26_2_F_humans_housing.jpg</filename>
	<path>C:\Users\Annika\Desktop\object_detection\images\A37_14-26_2_F_humans_housing.jpg</path>
	<source>
		<database>Unknown</database>
	</source>
	<size>
		<width>2815</width>
		<height>1109</height>
		<depth>3</depth>
	</size>
	<segmented>0</segmented>
	<object>
		<name>human</name>
		<pose>Unspecified</pose>
		<truncated>0</truncated>
		<difficult>0</difficult>
		<bndbox>
			<xmin>188</xmin>
			<ymin>350</ymin>
			<xmax>340</xmax>
			<ymax>610</ymax>
		</bndbox>
	</object>
	<object>
		<name>human</name>
		<pose>Unspecified</pose>
		<truncated>0</truncated>
		<difficult>0</difficult>
		<bndbox>
			<xmin>331</xmin>
			<ymin>336</ymin>
			<xmax>458</xmax>
			<ymax>614</ymax>
		</bndbox>
	</object>
	<object>
		<name>human</name>
		<pose>Unspecified</pose>
		<truncated>0</truncated>
		<difficult>0</difficult>
		<bndbox>
			<xmin>449</xmin>
			<ymin>244</ymin>
			<xmax>586</xmax>
			<ymax>678</ymax>
		</bndbox>
	</object>
	<object>
		<name>human</name>
		<pose>Unspecified</pose>
		<truncated>0</truncated>
		<difficult>0</difficult>
		<bndbox>
			<xmin>1358</xmin>
			<ymin>200</ymin>
			<xmax>1700</xmax>
			<ymax>880</ymax>
		</bndbox>
	</object>
	<object>
		<name>human</name>
		<pose>Unspecified</pose>
		<truncated>0</truncated>
		<difficult>0</difficult>
		<bndbox>
			<xmin>1528</xmin>
			<ymin>173</ymin>
			<xmax>1856</xmax>
			<ymax>866</ymax>
		</bndbox>
	</object>
	<object>
		<name>human</name>
		<pose>Unspecified</pose>
		<truncated>0</truncated>
		<difficult>0</difficult>
		<bndbox>
			<xmin>1787</xmin>
			<ymin>118</ymin>
			<xmax>2083</xmax>
			<ymax>796</ymax>
		</bndbox>
	</object>
	<object>
		<name>human</name>
		<pose>Unspecified</pose>
		<truncated>0</truncated>
		<difficult>0</difficult>
		<bndbox>
			<xmin>1973</xmin>
			<ymin>66</ymin>
			<xmax>2200</xmax>
			<ymax>857</ymax>
		</bndbox>
	</object>
</annotation>
