<annotation>
	<folder>images</folder>
	<filename>A38_6-7_1_B_humans_leg decoration.jpg</filename>
	<path>C:\Users\Annika\Desktop\object_detection\images\A38_6-7_1_B_humans_leg decoration.jpg</path>
	<source>
		<database>Unknown</database>
	</source>
	<size>
		<width>258</width>
		<height>333</height>
		<depth>3</depth>
	</size>
	<segmented>0</segmented>
	<object>
		<name>human</name>
		<pose>Unspecified</pose>
		<truncated>0</truncated>
		<difficult>0</difficult>
		<bndbox>
			<xmin>4</xmin>
			<ymin>16</ymin>
			<xmax>159</xmax>
			<ymax>321</ymax>
		</bndbox>
	</object>
	<object>
		<name>human</name>
		<pose>Unspecified</pose>
		<truncated>0</truncated>
		<difficult>0</difficult>
		<bndbox>
			<xmin>138</xmin>
			<ymin>12</ymin>
			<xmax>256</xmax>
			<ymax>284</ymax>
		</bndbox>
	</object>
</annotation>
