<annotation>
	<folder>images</folder>
	<filename>A38_497_8_N_human_Peruecke.jpg</filename>
	<path>C:\Users\Annika\Desktop\object_detection\images\A38_497_8_N_human_Peruecke.jpg</path>
	<source>
		<database>Unknown</database>
	</source>
	<size>
		<width>350</width>
		<height>635</height>
		<depth>3</depth>
	</size>
	<segmented>0</segmented>
	<object>
		<name>human</name>
		<pose>Unspecified</pose>
		<truncated>0</truncated>
		<difficult>0</difficult>
		<bndbox>
			<xmin>14</xmin>
			<ymin>53</ymin>
			<xmax>345</xmax>
			<ymax>565</ymax>
		</bndbox>
	</object>
	<object>
		<name>apron</name>
		<pose>Unspecified</pose>
		<truncated>0</truncated>
		<difficult>0</difficult>
		<bndbox>
			<xmin>105</xmin>
			<ymin>261</ymin>
			<xmax>140</xmax>
			<ymax>333</ymax>
		</bndbox>
	</object>
	<object>
		<name>headdeco</name>
		<pose>Unspecified</pose>
		<truncated>0</truncated>
		<difficult>0</difficult>
		<bndbox>
			<xmin>117</xmin>
			<ymin>64</ymin>
			<xmax>203</xmax>
			<ymax>137</ymax>
		</bndbox>
	</object>
	<object>
		<name>bow</name>
		<pose>Unspecified</pose>
		<truncated>0</truncated>
		<difficult>0</difficult>
		<bndbox>
			<xmin>300</xmin>
			<ymin>108</ymin>
			<xmax>338</xmax>
			<ymax>270</ymax>
		</bndbox>
	</object>
</annotation>
