<annotation>
	<folder>A3</folder>
	<filename>A3_214_7_K_.jpg</filename>
	<path>C:/Users/Sören/Documents/Cultural Heritage and Artificial Intelligence/Amis 1-33/A3/A3_214_7_K_.jpg</path>
	<source>
		<database>Unknown</database>
	</source>
	<size>
		<width>484</width>
		<height>660</height>
		<depth>3</depth>
	</size>
	<segmented>0</segmented>
	<object>
		<name>human</name>
		<pose>Unspecified</pose>
		<truncated>0</truncated>
		<difficult>0</difficult>
		<bndbox>
			<xmin>78</xmin>
			<ymin>39</ymin>
			<xmax>429</xmax>
			<ymax>551</ymax>
		</bndbox>
	</object>
</annotation>
