<annotation>
	<folder>A3</folder>
	<filename>A3_A-Z_5_F-H_.jpg</filename>
	<path>C:\Users\Annika\Desktop\Uni\SoSe_18\KI_Cultural_Heritage_Upper_Brandberg\bilder\A3\A3_A-Z_5_F-H_.jpg</path>
	<source>
		<database>Unknown</database>
	</source>
	<size>
		<width>5551</width>
		<height>4064</height>
		<depth>3</depth>
	</size>
	<segmented>0</segmented>
	<object>
		<name>human</name>
		<pose>Unspecified</pose>
		<truncated>0</truncated>
		<difficult>0</difficult>
		<bndbox>
			<xmin>16</xmin>
			<ymin>2703</ymin>
			<xmax>609</xmax>
			<ymax>3709</ymax>
		</bndbox>
	</object>
	<object>
		<name>human</name>
		<pose>Unspecified</pose>
		<truncated>0</truncated>
		<difficult>0</difficult>
		<bndbox>
			<xmin>566</xmin>
			<ymin>2559</ymin>
			<xmax>1272</xmax>
			<ymax>3269</ymax>
		</bndbox>
	</object>
	<object>
		<name>human</name>
		<pose>Unspecified</pose>
		<truncated>0</truncated>
		<difficult>0</difficult>
		<bndbox>
			<xmin>1694</xmin>
			<ymin>1238</ymin>
			<xmax>2244</xmax>
			<ymax>2194</ymax>
		</bndbox>
	</object>
	<object>
		<name>human</name>
		<pose>Unspecified</pose>
		<truncated>0</truncated>
		<difficult>0</difficult>
		<bndbox>
			<xmin>2047</xmin>
			<ymin>1263</ymin>
			<xmax>2556</xmax>
			<ymax>2203</ymax>
		</bndbox>
	</object>
	<object>
		<name>human</name>
		<pose>Unspecified</pose>
		<truncated>0</truncated>
		<difficult>0</difficult>
		<bndbox>
			<xmin>4031</xmin>
			<ymin>672</ymin>
			<xmax>4484</xmax>
			<ymax>1263</ymax>
		</bndbox>
	</object>
	<object>
		<name>human</name>
		<pose>Unspecified</pose>
		<truncated>0</truncated>
		<difficult>0</difficult>
		<bndbox>
			<xmin>4163</xmin>
			<ymin>550</ymin>
			<xmax>4594</xmax>
			<ymax>1194</ymax>
		</bndbox>
	</object>
	<object>
		<name>human</name>
		<pose>Unspecified</pose>
		<truncated>0</truncated>
		<difficult>0</difficult>
		<bndbox>
			<xmin>4328</xmin>
			<ymin>2478</ymin>
			<xmax>4613</xmax>
			<ymax>2991</ymax>
		</bndbox>
	</object>
	<object>
		<name>human</name>
		<pose>Unspecified</pose>
		<truncated>0</truncated>
		<difficult>0</difficult>
		<bndbox>
			<xmin>5118</xmin>
			<ymin>2659</ymin>
			<xmax>5334</xmax>
			<ymax>2928</ymax>
		</bndbox>
	</object>
	<object>
		<name>bag</name>
		<pose>Unspecified</pose>
		<truncated>0</truncated>
		<difficult>0</difficult>
		<bndbox>
			<xmin>4804</xmin>
			<ymin>3081</ymin>
			<xmax>5026</xmax>
			<ymax>3172</ymax>
		</bndbox>
	</object>
</annotation>
