<annotation>
	<folder>train</folder>
	<filename>A50_7_1_C.jpg</filename>
	<path>C:\Users\Annika\Desktop\Uni\SoSe_18\KI_Cultural_Heritage_Upper_Brandberg\bilder\train\A50_7_1_C.jpg</path>
	<source>
		<database>Unknown</database>
	</source>
	<size>
		<width>1851</width>
		<height>1990</height>
		<depth>3</depth>
	</size>
	<segmented>0</segmented>
	<object>
		<name>headdeco</name>
		<pose>Unspecified</pose>
		<truncated>0</truncated>
		<difficult>0</difficult>
		<bndbox>
			<xmin>438</xmin>
			<ymin>63</ymin>
			<xmax>766</xmax>
			<ymax>322</ymax>
		</bndbox>
	</object>
	<object>
		<name>shoe</name>
		<pose>Unspecified</pose>
		<truncated>0</truncated>
		<difficult>0</difficult>
		<bndbox>
			<xmin>322</xmin>
			<ymin>1799</ymin>
			<xmax>679</xmax>
			<ymax>1940</ymax>
		</bndbox>
	</object>
	<object>
		<name>bag</name>
		<pose>Unspecified</pose>
		<truncated>0</truncated>
		<difficult>0</difficult>
		<bndbox>
			<xmin>361</xmin>
			<ymin>340</ymin>
			<xmax>1389</xmax>
			<ymax>850</ymax>
		</bndbox>
	</object>
	<object>
		<name>human</name>
		<pose>Unspecified</pose>
		<truncated>0</truncated>
		<difficult>0</difficult>
		<bndbox>
			<xmin>172</xmin>
			<ymin>28</ymin>
			<xmax>1796</xmax>
			<ymax>1967</ymax>
		</bndbox>
	</object>
</annotation>
