<annotation>
	<folder>Bilder_neu_0170</folder>
	<filename>A56_14,16,17_1_D_wig.jpg</filename>
	<path>/Users/annacasters/Desktop/Bilder_neu_0170/A56_14,16,17_1_D_wig.jpg</path>
	<source>
		<database>Unknown</database>
	</source>
	<size>
		<width>429</width>
		<height>355</height>
		<depth>3</depth>
	</size>
	<segmented>0</segmented>
	<object>
		<name>headdeco</name>
		<pose>Unspecified</pose>
		<truncated>0</truncated>
		<difficult>0</difficult>
		<bndbox>
			<xmin>301</xmin>
			<ymin>40</ymin>
			<xmax>387</xmax>
			<ymax>136</ymax>
		</bndbox>
	</object>
	<object>
		<name>headdeco</name>
		<pose>Unspecified</pose>
		<truncated>0</truncated>
		<difficult>0</difficult>
		<bndbox>
			<xmin>119</xmin>
			<ymin>190</ymin>
			<xmax>209</xmax>
			<ymax>284</ymax>
		</bndbox>
	</object>
	<object>
		<name>headdeco</name>
		<pose>Unspecified</pose>
		<truncated>0</truncated>
		<difficult>0</difficult>
		<bndbox>
			<xmin>31</xmin>
			<ymin>115</ymin>
			<xmax>111</xmax>
			<ymax>200</ymax>
		</bndbox>
	</object>
</annotation>
