<annotation>
	<folder>Bilder_neu_0170</folder>
	<filename>A47_110_1X_C_head decoration.jpg</filename>
	<path>/Users/annacasters/Desktop/Bilder_neu_0170/A47_110_1X_C_head decoration.jpg</path>
	<source>
		<database>Unknown</database>
	</source>
	<size>
		<width>560</width>
		<height>946</height>
		<depth>3</depth>
	</size>
	<segmented>0</segmented>
	<object>
		<name>headdeco</name>
		<pose>Unspecified</pose>
		<truncated>0</truncated>
		<difficult>0</difficult>
		<bndbox>
			<xmin>227</xmin>
			<ymin>43</ymin>
			<xmax>385</xmax>
			<ymax>218</ymax>
		</bndbox>
	</object>
	<object>
		<name>human</name>
		<pose>Unspecified</pose>
		<truncated>0</truncated>
		<difficult>0</difficult>
		<bndbox>
			<xmin>77</xmin>
			<ymin>49</ymin>
			<xmax>543</xmax>
			<ymax>902</ymax>
		</bndbox>
	</object>
	<object>
		<name>bag</name>
		<pose>Unspecified</pose>
		<truncated>0</truncated>
		<difficult>0</difficult>
		<bndbox>
			<xmin>106</xmin>
			<ymin>305</ymin>
			<xmax>503</xmax>
			<ymax>489</ymax>
		</bndbox>
	</object>
</annotation>
