<annotation>
	<folder>Bilder_neu_0170</folder>
	<filename>A56_66-67_1_D_bow.jpg</filename>
	<path>/Users/annacasters/Desktop/Bilder_neu_0170/A56_66-67_1_D_bow.jpg</path>
	<source>
		<database>Unknown</database>
	</source>
	<size>
		<width>321</width>
		<height>400</height>
		<depth>3</depth>
	</size>
	<segmented>0</segmented>
	<object>
		<name>bow</name>
		<pose>Unspecified</pose>
		<truncated>0</truncated>
		<difficult>0</difficult>
		<bndbox>
			<xmin>117</xmin>
			<ymin>65</ymin>
			<xmax>285</xmax>
			<ymax>330</ymax>
		</bndbox>
	</object>
	<object>
		<name>bow</name>
		<pose>Unspecified</pose>
		<truncated>0</truncated>
		<difficult>0</difficult>
		<bndbox>
			<xmin>68</xmin>
			<ymin>2</ymin>
			<xmax>219</xmax>
			<ymax>309</ymax>
		</bndbox>
	</object>
	<object>
		<name>arrow</name>
		<pose>Unspecified</pose>
		<truncated>0</truncated>
		<difficult>0</difficult>
		<bndbox>
			<xmin>198</xmin>
			<ymin>110</ymin>
			<xmax>283</xmax>
			<ymax>163</ymax>
		</bndbox>
	</object>
</annotation>
