<annotation>
	<folder>Bilder_neu_0170</folder>
	<filename>A56_3-4_1_D_wig.jpg</filename>
	<path>/Users/annacasters/Desktop/Bilder_neu_0170/A56_3-4_1_D_wig.jpg</path>
	<source>
		<database>Unknown</database>
	</source>
	<size>
		<width>386</width>
		<height>264</height>
		<depth>3</depth>
	</size>
	<segmented>0</segmented>
	<object>
		<name>headdeco</name>
		<pose>Unspecified</pose>
		<truncated>0</truncated>
		<difficult>0</difficult>
		<bndbox>
			<xmin>34</xmin>
			<ymin>43</ymin>
			<xmax>134</xmax>
			<ymax>144</ymax>
		</bndbox>
	</object>
	<object>
		<name>headdeco</name>
		<pose>Unspecified</pose>
		<truncated>0</truncated>
		<difficult>0</difficult>
		<bndbox>
			<xmin>262</xmin>
			<ymin>79</ymin>
			<xmax>325</xmax>
			<ymax>142</ymax>
		</bndbox>
	</object>
</annotation>
