<annotation>
	<folder>Bilder_neu_0170</folder>
	<filename>A62_38_1_B_human:bow.jpg</filename>
	<path>/Users/annacasters/Desktop/Bilder_neu_0170/A62_38_1_B_human:bow.jpg</path>
	<source>
		<database>Unknown</database>
	</source>
	<size>
		<width>996</width>
		<height>1023</height>
		<depth>3</depth>
	</size>
	<segmented>0</segmented>
	<object>
		<name>human</name>
		<pose>Unspecified</pose>
		<truncated>0</truncated>
		<difficult>0</difficult>
		<bndbox>
			<xmin>196</xmin>
			<ymin>68</ymin>
			<xmax>775</xmax>
			<ymax>881</ymax>
		</bndbox>
	</object>
	<object>
		<name>bow</name>
		<pose>Unspecified</pose>
		<truncated>0</truncated>
		<difficult>0</difficult>
		<bndbox>
			<xmin>205</xmin>
			<ymin>76</ymin>
			<xmax>564</xmax>
			<ymax>327</ymax>
		</bndbox>
	</object>
</annotation>
