<annotation>
	<folder>Amis 1-33</folder>
	<filename>A4_3-6_1_A_woman_with_luggage_.jpg</filename>
	<path>C:/Users/Sören/Documents/Cultural Heritage and Artificial Intelligence/Amis 1-33/A4_3-6_1_A_woman_with_luggage_.jpg</path>
	<source>
		<database>Unknown</database>
	</source>
	<size>
		<width>1762</width>
		<height>1228</height>
		<depth>3</depth>
	</size>
	<segmented>0</segmented>
	<object>
		<name>human</name>
		<pose>Unspecified</pose>
		<truncated>0</truncated>
		<difficult>0</difficult>
		<bndbox>
			<xmin>380</xmin>
			<ymin>258</ymin>
			<xmax>879</xmax>
			<ymax>1064</ymax>
		</bndbox>
	</object>
	<object>
		<name>bag</name>
		<pose>Unspecified</pose>
		<truncated>0</truncated>
		<difficult>0</difficult>
		<bndbox>
			<xmin>770</xmin>
			<ymin>660</ymin>
			<xmax>1027</xmax>
			<ymax>882</ymax>
		</bndbox>
	</object>
	<object>
		<name>human</name>
		<pose>Unspecified</pose>
		<truncated>0</truncated>
		<difficult>0</difficult>
		<bndbox>
			<xmin>1062</xmin>
			<ymin>225</ymin>
			<xmax>1419</xmax>
			<ymax>906</ymax>
		</bndbox>
	</object>
	<object>
		<name>apron</name>
		<pose>Unspecified</pose>
		<truncated>0</truncated>
		<difficult>0</difficult>
		<bndbox>
			<xmin>1088</xmin>
			<ymin>541</ymin>
			<xmax>1120</xmax>
			<ymax>702</ymax>
		</bndbox>
	</object>
	<object>
		<name>stick</name>
		<pose>Unspecified</pose>
		<truncated>0</truncated>
		<difficult>0</difficult>
		<bndbox>
			<xmin>1355</xmin>
			<ymin>349</ymin>
			<xmax>1396</xmax>
			<ymax>534</ymax>
		</bndbox>
	</object>
	<object>
		<name>pendants</name>
		<pose>Unspecified</pose>
		<truncated>0</truncated>
		<difficult>0</difficult>
		<bndbox>
			<xmin>1085</xmin>
			<ymin>317</ymin>
			<xmax>1309</xmax>
			<ymax>619</ymax>
		</bndbox>
	</object>
	<object>
		<name>bag</name>
		<pose>Unspecified</pose>
		<truncated>0</truncated>
		<difficult>0</difficult>
		<bndbox>
			<xmin>1231</xmin>
			<ymin>377</ymin>
			<xmax>1339</xmax>
			<ymax>467</ymax>
		</bndbox>
	</object>
</annotation>
