<annotation>
	<folder>images</folder>
	<filename>A34_20-22_1_C_humans.jpg</filename>
	<path>C:\Users\Annika\Desktop\object_detection\images\A34_20-22_1_C_humans.jpg</path>
	<source>
		<database>Unknown</database>
	</source>
	<size>
		<width>1037</width>
		<height>730</height>
		<depth>3</depth>
	</size>
	<segmented>0</segmented>
	<object>
		<name>human</name>
		<pose>Unspecified</pose>
		<truncated>0</truncated>
		<difficult>0</difficult>
		<bndbox>
			<xmin>451</xmin>
			<ymin>100</ymin>
			<xmax>810</xmax>
			<ymax>659</ymax>
		</bndbox>
	</object>
	<object>
		<name>human</name>
		<pose>Unspecified</pose>
		<truncated>0</truncated>
		<difficult>0</difficult>
		<bndbox>
			<xmin>778</xmin>
			<ymin>4</ymin>
			<xmax>1035</xmax>
			<ymax>497</ymax>
		</bndbox>
	</object>
	<object>
		<name>club</name>
		<pose>Unspecified</pose>
		<truncated>0</truncated>
		<difficult>0</difficult>
		<bndbox>
			<xmin>794</xmin>
			<ymin>198</ymin>
			<xmax>841</xmax>
			<ymax>239</ymax>
		</bndbox>
	</object>
</annotation>
