<annotation>
	<folder>images</folder>
	<filename>A34_125-129_4_D_humans_Bock.jpg</filename>
	<path>C:\Users\Annika\Desktop\object_detection\images\A34_125-129_4_D_humans_Bock.jpg</path>
	<source>
		<database>Unknown</database>
	</source>
	<size>
		<width>1940</width>
		<height>931</height>
		<depth>3</depth>
	</size>
	<segmented>0</segmented>
	<object>
		<name>human</name>
		<pose>Unspecified</pose>
		<truncated>0</truncated>
		<difficult>0</difficult>
		<bndbox>
			<xmin>23</xmin>
			<ymin>430</ymin>
			<xmax>505</xmax>
			<ymax>895</ymax>
		</bndbox>
	</object>
	<object>
		<name>human</name>
		<pose>Unspecified</pose>
		<truncated>0</truncated>
		<difficult>0</difficult>
		<bndbox>
			<xmin>733</xmin>
			<ymin>192</ymin>
			<xmax>1227</xmax>
			<ymax>738</ymax>
		</bndbox>
	</object>
	<object>
		<name>human</name>
		<pose>Unspecified</pose>
		<truncated>0</truncated>
		<difficult>0</difficult>
		<bndbox>
			<xmin>1266</xmin>
			<ymin>96</ymin>
			<xmax>1730</xmax>
			<ymax>555</ymax>
		</bndbox>
	</object>
</annotation>
