<annotation>
	<folder>images</folder>
	<filename>A38_501_9_N_man_body decoration.jpg</filename>
	<path>C:\Users\Annika\Desktop\object_detection\images\A38_501_9_N_man_body decoration.jpg</path>
	<source>
		<database>Unknown</database>
	</source>
	<size>
		<width>597</width>
		<height>709</height>
		<depth>3</depth>
	</size>
	<segmented>0</segmented>
	<object>
		<name>human</name>
		<pose>Unspecified</pose>
		<truncated>0</truncated>
		<difficult>0</difficult>
		<bndbox>
			<xmin>15</xmin>
			<ymin>14</ymin>
			<xmax>473</xmax>
			<ymax>662</ymax>
		</bndbox>
	</object>
</annotation>
