<annotation>
	<folder>images</folder>
	<filename>A38_500_8_N_man.jpg</filename>
	<path>C:\Users\Annika\Desktop\object_detection\images\A38_500_8_N_man.jpg</path>
	<source>
		<database>Unknown</database>
	</source>
	<size>
		<width>739</width>
		<height>890</height>
		<depth>3</depth>
	</size>
	<segmented>0</segmented>
	<object>
		<name>human</name>
		<pose>Unspecified</pose>
		<truncated>0</truncated>
		<difficult>0</difficult>
		<bndbox>
			<xmin>136</xmin>
			<ymin>13</ymin>
			<xmax>708</xmax>
			<ymax>852</ymax>
		</bndbox>
	</object>
	<object>
		<name>bow</name>
		<pose>Unspecified</pose>
		<truncated>0</truncated>
		<difficult>0</difficult>
		<bndbox>
			<xmin>238</xmin>
			<ymin>175</ymin>
			<xmax>522</xmax>
			<ymax>622</ymax>
		</bndbox>
	</object>
	<object>
		<name>arrow</name>
		<pose>Unspecified</pose>
		<truncated>0</truncated>
		<difficult>0</difficult>
		<bndbox>
			<xmin>37</xmin>
			<ymin>439</ymin>
			<xmax>271</xmax>
			<ymax>522</ymax>
		</bndbox>
	</object>
	<object>
		<name>penisatt</name>
		<pose>Unspecified</pose>
		<truncated>0</truncated>
		<difficult>0</difficult>
		<bndbox>
			<xmin>446</xmin>
			<ymin>359</ymin>
			<xmax>511</xmax>
			<ymax>430</ymax>
		</bndbox>
	</object>
	<object>
		<name>headdeco</name>
		<pose>Unspecified</pose>
		<truncated>0</truncated>
		<difficult>0</difficult>
		<bndbox>
			<xmin>370</xmin>
			<ymin>17</ymin>
			<xmax>494</xmax>
			<ymax>130</ymax>
		</bndbox>
	</object>
	<object>
		<name>shoe</name>
		<pose>Unspecified</pose>
		<truncated>0</truncated>
		<difficult>0</difficult>
		<bndbox>
			<xmin>127</xmin>
			<ymin>713</ymin>
			<xmax>212</xmax>
			<ymax>855</ymax>
		</bndbox>
	</object>
	<object>
		<name>shoe</name>
		<pose>Unspecified</pose>
		<truncated>0</truncated>
		<difficult>0</difficult>
		<bndbox>
			<xmin>570</xmin>
			<ymin>768</ymin>
			<xmax>701</xmax>
			<ymax>842</ymax>
		</bndbox>
	</object>
</annotation>
