<annotation>
	<folder>images</folder>
	<filename>A38_19_20_1_D_humans_body decoration.jpg</filename>
	<path>C:\Users\Annika\Desktop\object_detection\images\A38_19_20_1_D_humans_body decoration.jpg</path>
	<source>
		<database>Unknown</database>
	</source>
	<size>
		<width>637</width>
		<height>756</height>
		<depth>3</depth>
	</size>
	<segmented>0</segmented>
	<object>
		<name>human</name>
		<pose>Unspecified</pose>
		<truncated>0</truncated>
		<difficult>0</difficult>
		<bndbox>
			<xmin>9</xmin>
			<ymin>156</ymin>
			<xmax>384</xmax>
			<ymax>741</ymax>
		</bndbox>
	</object>
	<object>
		<name>human</name>
		<pose>Unspecified</pose>
		<truncated>0</truncated>
		<difficult>0</difficult>
		<bndbox>
			<xmin>365</xmin>
			<ymin>365</ymin>
			<xmax>627</xmax>
			<ymax>730</ymax>
		</bndbox>
	</object>
	<object>
		<name>headdeco</name>
		<pose>Unspecified</pose>
		<truncated>0</truncated>
		<difficult>0</difficult>
		<bndbox>
			<xmin>135</xmin>
			<ymin>160</ymin>
			<xmax>257</xmax>
			<ymax>272</ymax>
		</bndbox>
	</object>
	<object>
		<name>headdeco</name>
		<pose>Unspecified</pose>
		<truncated>0</truncated>
		<difficult>0</difficult>
		<bndbox>
			<xmin>480</xmin>
			<ymin>365</ymin>
			<xmax>558</xmax>
			<ymax>432</ymax>
		</bndbox>
	</object>
	<object>
		<name>stick</name>
		<pose>Unspecified</pose>
		<truncated>0</truncated>
		<difficult>0</difficult>
		<bndbox>
			<xmin>9</xmin>
			<ymin>269</ymin>
			<xmax>49</xmax>
			<ymax>395</ymax>
		</bndbox>
	</object>
	<object>
		<name>stick</name>
		<pose>Unspecified</pose>
		<truncated>0</truncated>
		<difficult>0</difficult>
		<bndbox>
			<xmin>355</xmin>
			<ymin>461</ymin>
			<xmax>407</xmax>
			<ymax>546</ymax>
		</bndbox>
	</object>
</annotation>
