<annotation>
	<folder>images</folder>
	<filename>A38_507_9_N_bow.jpg</filename>
	<path>C:\Users\Annika\Desktop\object_detection\images\A38_507_9_N_bow.jpg</path>
	<source>
		<database>Unknown</database>
	</source>
	<size>
		<width>333</width>
		<height>344</height>
		<depth>3</depth>
	</size>
	<segmented>0</segmented>
	<object>
		<name>bow</name>
		<pose>Unspecified</pose>
		<truncated>0</truncated>
		<difficult>0</difficult>
		<bndbox>
			<xmin>8</xmin>
			<ymin>13</ymin>
			<xmax>313</xmax>
			<ymax>308</ymax>
		</bndbox>
	</object>
</annotation>
