<annotation>
	<folder>images</folder>
	<filename>objects_04.jpg</filename>
	<path>C:\Users\Annika\Desktop\object_detection\images\objects_04.jpg</path>
	<source>
		<database>Unknown</database>
	</source>
	<size>
		<width>554</width>
		<height>633</height>
		<depth>3</depth>
	</size>
	<segmented>0</segmented>
	<object>
		<name>kaross</name>
		<pose>Unspecified</pose>
		<truncated>1</truncated>
		<difficult>0</difficult>
		<bndbox>
			<xmin>172</xmin>
			<ymin>1</ymin>
			<xmax>262</xmax>
			<ymax>120</ymax>
		</bndbox>
	</object>
	<object>
		<name>kaross</name>
		<pose>Unspecified</pose>
		<truncated>1</truncated>
		<difficult>0</difficult>
		<bndbox>
			<xmin>306</xmin>
			<ymin>1</ymin>
			<xmax>403</xmax>
			<ymax>121</ymax>
		</bndbox>
	</object>
	<object>
		<name>kaross</name>
		<pose>Unspecified</pose>
		<truncated>1</truncated>
		<difficult>0</difficult>
		<bndbox>
			<xmin>433</xmin>
			<ymin>1</ymin>
			<xmax>531</xmax>
			<ymax>119</ymax>
		</bndbox>
	</object>
	<object>
		<name>show</name>
		<pose>Unspecified</pose>
		<truncated>0</truncated>
		<difficult>0</difficult>
		<bndbox>
			<xmin>186</xmin>
			<ymin>223</ymin>
			<xmax>271</xmax>
			<ymax>270</ymax>
		</bndbox>
	</object>
	<object>
		<name>show</name>
		<pose>Unspecified</pose>
		<truncated>0</truncated>
		<difficult>0</difficult>
		<bndbox>
			<xmin>304</xmin>
			<ymin>228</ymin>
			<xmax>397</xmax>
			<ymax>268</ymax>
		</bndbox>
	</object>
	<object>
		<name>show</name>
		<pose>Unspecified</pose>
		<truncated>0</truncated>
		<difficult>0</difficult>
		<bndbox>
			<xmin>433</xmin>
			<ymin>221</ymin>
			<xmax>519</xmax>
			<ymax>270</ymax>
		</bndbox>
	</object>
	<object>
		<name>pendants</name>
		<pose>Unspecified</pose>
		<truncated>0</truncated>
		<difficult>0</difficult>
		<bndbox>
			<xmin>183</xmin>
			<ymin>335</ymin>
			<xmax>284</xmax>
			<ymax>432</ymax>
		</bndbox>
	</object>
	<object>
		<name>pendants</name>
		<pose>Unspecified</pose>
		<truncated>0</truncated>
		<difficult>0</difficult>
		<bndbox>
			<xmin>306</xmin>
			<ymin>333</ymin>
			<xmax>398</xmax>
			<ymax>432</ymax>
		</bndbox>
	</object>
	<object>
		<name>apron</name>
		<pose>Unspecified</pose>
		<truncated>0</truncated>
		<difficult>0</difficult>
		<bndbox>
			<xmin>206</xmin>
			<ymin>481</ymin>
			<xmax>274</xmax>
			<ymax>590</ymax>
		</bndbox>
	</object>
	<object>
		<name>apron</name>
		<pose>Unspecified</pose>
		<truncated>0</truncated>
		<difficult>0</difficult>
		<bndbox>
			<xmin>305</xmin>
			<ymin>477</ymin>
			<xmax>419</xmax>
			<ymax>593</ymax>
		</bndbox>
	</object>
</annotation>
