<annotation>
	<folder>images</folder>
	<filename>objects_02.jpg</filename>
	<path>C:\Users\Annika\Desktop\object_detection\images\objects_02.jpg</path>
	<source>
		<database>Unknown</database>
	</source>
	<size>
		<width>685</width>
		<height>509</height>
		<depth>3</depth>
	</size>
	<segmented>0</segmented>
	<object>
		<name>instrument</name>
		<pose>Unspecified</pose>
		<truncated>0</truncated>
		<difficult>0</difficult>
		<bndbox>
			<xmin>174</xmin>
			<ymin>42</ymin>
			<xmax>247</xmax>
			<ymax>124</ymax>
		</bndbox>
	</object>
	<object>
		<name>instrument</name>
		<pose>Unspecified</pose>
		<truncated>0</truncated>
		<difficult>0</difficult>
		<bndbox>
			<xmin>281</xmin>
			<ymin>40</ymin>
			<xmax>327</xmax>
			<ymax>123</ymax>
		</bndbox>
	</object>
	<object>
		<name>instrument</name>
		<pose>Unspecified</pose>
		<truncated>0</truncated>
		<difficult>0</difficult>
		<bndbox>
			<xmin>378</xmin>
			<ymin>42</ymin>
			<xmax>428</xmax>
			<ymax>127</ymax>
		</bndbox>
	</object>
	<object>
		<name>instrument</name>
		<pose>Unspecified</pose>
		<truncated>0</truncated>
		<difficult>0</difficult>
		<bndbox>
			<xmin>479</xmin>
			<ymin>40</ymin>
			<xmax>524</xmax>
			<ymax>127</ymax>
		</bndbox>
	</object>
	<object>
		<name>instrument</name>
		<pose>Unspecified</pose>
		<truncated>0</truncated>
		<difficult>0</difficult>
		<bndbox>
			<xmin>585</xmin>
			<ymin>39</ymin>
			<xmax>635</xmax>
			<ymax>124</ymax>
		</bndbox>
	</object>
	<object>
		<name>instrument</name>
		<pose>Unspecified</pose>
		<truncated>0</truncated>
		<difficult>0</difficult>
		<bndbox>
			<xmin>178</xmin>
			<ymin>181</ymin>
			<xmax>238</xmax>
			<ymax>262</ymax>
		</bndbox>
	</object>
	<object>
		<name>stick</name>
		<pose>Unspecified</pose>
		<truncated>0</truncated>
		<difficult>0</difficult>
		<bndbox>
			<xmin>185</xmin>
			<ymin>369</ymin>
			<xmax>252</xmax>
			<ymax>447</ymax>
		</bndbox>
	</object>
	<object>
		<name>stick</name>
		<pose>Unspecified</pose>
		<truncated>0</truncated>
		<difficult>0</difficult>
		<bndbox>
			<xmin>272</xmin>
			<ymin>366</ymin>
			<xmax>348</xmax>
			<ymax>451</ymax>
		</bndbox>
	</object>
	<object>
		<name>stick</name>
		<pose>Unspecified</pose>
		<truncated>0</truncated>
		<difficult>0</difficult>
		<bndbox>
			<xmin>388</xmin>
			<ymin>358</ymin>
			<xmax>451</xmax>
			<ymax>450</ymax>
		</bndbox>
	</object>
</annotation>
