<annotation>
	<folder>Amis 1-33</folder>
	<filename>A1_26-28_2_A_.jpg</filename>
	<path>C:/Users/Sören/Documents/Cultural Heritage and Artificial Intelligence/Amis 1-33/A1_26-28_2_A_.jpg</path>
	<source>
		<database>Unknown</database>
	</source>
	<size>
		<width>1114</width>
		<height>1086</height>
		<depth>3</depth>
	</size>
	<segmented>0</segmented>
	<object>
		<name>human</name>
		<pose>Unspecified</pose>
		<truncated>0</truncated>
		<difficult>0</difficult>
		<bndbox>
			<xmin>690</xmin>
			<ymin>27</ymin>
			<xmax>1061</xmax>
			<ymax>455</ymax>
		</bndbox>
	</object>
	<object>
		<name>human</name>
		<pose>Unspecified</pose>
		<truncated>0</truncated>
		<difficult>0</difficult>
		<bndbox>
			<xmin>589</xmin>
			<ymin>555</ymin>
			<xmax>911</xmax>
			<ymax>850</ymax>
		</bndbox>
	</object>
</annotation>
