<annotation>
	<folder>Amis 1-33</folder>
	<filename>A1_35-56_2_A_.jpg</filename>
	<path>C:/Users/Sören/Documents/Cultural Heritage and Artificial Intelligence/Amis 1-33/A1_35-56_2_A_.jpg</path>
	<source>
		<database>Unknown</database>
	</source>
	<size>
		<width>658</width>
		<height>860</height>
		<depth>3</depth>
	</size>
	<segmented>0</segmented>
	<object>
		<name>human</name>
		<pose>Unspecified</pose>
		<truncated>0</truncated>
		<difficult>0</difficult>
		<bndbox>
			<xmin>44</xmin>
			<ymin>13</ymin>
			<xmax>370</xmax>
			<ymax>762</ymax>
		</bndbox>
	</object>
	<object>
		<name>human</name>
		<pose>Unspecified</pose>
		<truncated>0</truncated>
		<difficult>0</difficult>
		<bndbox>
			<xmin>323</xmin>
			<ymin>117</ymin>
			<xmax>631</xmax>
			<ymax>778</ymax>
		</bndbox>
	</object>
	<object>
		<name>apron</name>
		<pose>Unspecified</pose>
		<truncated>0</truncated>
		<difficult>0</difficult>
		<bndbox>
			<xmin>65</xmin>
			<ymin>300</ymin>
			<xmax>129</xmax>
			<ymax>437</ymax>
		</bndbox>
	</object>
	<object>
		<name>apron</name>
		<pose>Unspecified</pose>
		<truncated>0</truncated>
		<difficult>0</difficult>
		<bndbox>
			<xmin>356</xmin>
			<ymin>401</ymin>
			<xmax>387</xmax>
			<ymax>512</ymax>
		</bndbox>
	</object>
	<object>
		<name>penisatt</name>
		<pose>Unspecified</pose>
		<truncated>0</truncated>
		<difficult>0</difficult>
		<bndbox>
			<xmin>419</xmin>
			<ymin>418</ymin>
			<xmax>470</xmax>
			<ymax>484</ymax>
		</bndbox>
	</object>
	<object>
		<name>penisatt</name>
		<pose>Unspecified</pose>
		<truncated>0</truncated>
		<difficult>0</difficult>
		<bndbox>
			<xmin>154</xmin>
			<ymin>319</ymin>
			<xmax>191</xmax>
			<ymax>381</ymax>
		</bndbox>
	</object>
</annotation>
