<annotation>
	<folder>Amis 1-33</folder>
	<filename>A1_43-44_1X_B_.jpg</filename>
	<path>C:/Users/Sören/Documents/Cultural Heritage and Artificial Intelligence/Amis 1-33/A1_43-44_1X_B_.jpg</path>
	<source>
		<database>Unknown</database>
	</source>
	<size>
		<width>1557</width>
		<height>1107</height>
		<depth>3</depth>
	</size>
	<segmented>0</segmented>
	<object>
		<name>human</name>
		<pose>Unspecified</pose>
		<truncated>0</truncated>
		<difficult>0</difficult>
		<bndbox>
			<xmin>80</xmin>
			<ymin>269</ymin>
			<xmax>561</xmax>
			<ymax>847</ymax>
		</bndbox>
	</object>
	<object>
		<name>arrow</name>
		<pose>Unspecified</pose>
		<truncated>0</truncated>
		<difficult>0</difficult>
		<bndbox>
			<xmin>302</xmin>
			<ymin>329</ymin>
			<xmax>370</xmax>
			<ymax>406</ymax>
		</bndbox>
	</object>
	<object>
		<name>bag</name>
		<pose>Unspecified</pose>
		<truncated>0</truncated>
		<difficult>0</difficult>
		<bndbox>
			<xmin>273</xmin>
			<ymin>450</ymin>
			<xmax>471</xmax>
			<ymax>515</ymax>
		</bndbox>
	</object>
</annotation>
