<annotation>
	<folder>img_left</folder>
	<filename>left_A61_10_1_A_wig.jpg</filename>
	<path>C:\Users\Annika\Desktop\Uni\SoSe_18\KI_Cultural_Heritage_Upper_Brandberg\bilder\img_left\left_A61_10_1_A_wig.jpg</path>
	<source>
		<database>Unknown</database>
	</source>
	<size>
		<width>260</width>
		<height>291</height>
		<depth>3</depth>
	</size>
	<segmented>0</segmented>
	<object>
		<name>headdeco</name>
		<pose>Unspecified</pose>
		<truncated>0</truncated>
		<difficult>0</difficult>
		<bndbox>
			<xmin>75</xmin>
			<ymin>43</ymin>
			<xmax>180</xmax>
			<ymax>181</ymax>
		</bndbox>
	</object>
</annotation>
