<annotation>
	<folder>img_left</folder>
	<filename>left_A38_501_9_N_man_body decoration.jpg</filename>
	<path>C:\Users\Annika\Desktop\Uni\SoSe_18\KI_Cultural_Heritage_Upper_Brandberg\bilder\img_left\left_A38_501_9_N_man_body decoration.jpg</path>
	<source>
		<database>Unknown</database>
	</source>
	<size>
		<width>597</width>
		<height>708</height>
		<depth>3</depth>
	</size>
	<segmented>0</segmented>
	<object>
		<name>human</name>
		<pose>Unspecified</pose>
		<truncated>0</truncated>
		<difficult>0</difficult>
		<bndbox>
			<xmin>133</xmin>
			<ymin>5</ymin>
			<xmax>592</xmax>
			<ymax>679</ymax>
		</bndbox>
	</object>
	<object>
		<name>instrument</name>
		<pose>Unspecified</pose>
		<truncated>0</truncated>
		<difficult>0</difficult>
		<bndbox>
			<xmin>10</xmin>
			<ymin>114</ymin>
			<xmax>172</xmax>
			<ymax>294</ymax>
		</bndbox>
	</object>
</annotation>
