<annotation>
	<folder>img_left</folder>
	<filename>objects_04.jpg</filename>
	<path>C:\Users\Annika\Desktop\Uni\SoSe_18\KI_Cultural_Heritage_Upper_Brandberg\bilder\img_left\objects_04.jpg</path>
	<source>
		<database>Unknown</database>
	</source>
	<size>
		<width>554</width>
		<height>632</height>
		<depth>3</depth>
	</size>
	<segmented>0</segmented>
	<object>
		<name>kaross</name>
		<pose>Unspecified</pose>
		<truncated>1</truncated>
		<difficult>0</difficult>
		<bndbox>
			<xmin>34</xmin>
			<ymin>1</ymin>
			<xmax>120</xmax>
			<ymax>114</ymax>
		</bndbox>
	</object>
	<object>
		<name>kaross</name>
		<pose>Unspecified</pose>
		<truncated>0</truncated>
		<difficult>0</difficult>
		<bndbox>
			<xmin>49</xmin>
			<ymin>8</ymin>
			<xmax>90</xmax>
			<ymax>84</ymax>
		</bndbox>
	</object>
	<object>
		<name>kaross</name>
		<pose>Unspecified</pose>
		<truncated>1</truncated>
		<difficult>0</difficult>
		<bndbox>
			<xmin>169</xmin>
			<ymin>1</ymin>
			<xmax>250</xmax>
			<ymax>126</ymax>
		</bndbox>
	</object>
	<object>
		<name>kaross</name>
		<pose>Unspecified</pose>
		<truncated>0</truncated>
		<difficult>0</difficult>
		<bndbox>
			<xmin>182</xmin>
			<ymin>10</ymin>
			<xmax>220</xmax>
			<ymax>69</ymax>
		</bndbox>
	</object>
	<object>
		<name>kaross</name>
		<pose>Unspecified</pose>
		<truncated>0</truncated>
		<difficult>0</difficult>
		<bndbox>
			<xmin>292</xmin>
			<ymin>8</ymin>
			<xmax>371</xmax>
			<ymax>118</ymax>
		</bndbox>
	</object>
	<object>
		<name>kaross</name>
		<pose>Unspecified</pose>
		<truncated>0</truncated>
		<difficult>0</difficult>
		<bndbox>
			<xmin>310</xmin>
			<ymin>16</ymin>
			<xmax>351</xmax>
			<ymax>78</ymax>
		</bndbox>
	</object>
	<object>
		<name>shoe</name>
		<pose>Unspecified</pose>
		<truncated>0</truncated>
		<difficult>0</difficult>
		<bndbox>
			<xmin>41</xmin>
			<ymin>222</ymin>
			<xmax>138</xmax>
			<ymax>278</ymax>
		</bndbox>
	</object>
	<object>
		<name>shoe</name>
		<pose>Unspecified</pose>
		<truncated>0</truncated>
		<difficult>0</difficult>
		<bndbox>
			<xmin>168</xmin>
			<ymin>221</ymin>
			<xmax>241</xmax>
			<ymax>277</ymax>
		</bndbox>
	</object>
	<object>
		<name>shoe</name>
		<pose>Unspecified</pose>
		<truncated>0</truncated>
		<difficult>0</difficult>
		<bndbox>
			<xmin>285</xmin>
			<ymin>221</ymin>
			<xmax>364</xmax>
			<ymax>268</ymax>
		</bndbox>
	</object>
	<object>
		<name>pentants</name>
		<pose>Unspecified</pose>
		<truncated>0</truncated>
		<difficult>0</difficult>
		<bndbox>
			<xmin>164</xmin>
			<ymin>331</ymin>
			<xmax>252</xmax>
			<ymax>434</ymax>
		</bndbox>
	</object>
	<object>
		<name>pentants</name>
		<pose>Unspecified</pose>
		<truncated>0</truncated>
		<difficult>0</difficult>
		<bndbox>
			<xmin>194</xmin>
			<ymin>351</ymin>
			<xmax>251</xmax>
			<ymax>402</ymax>
		</bndbox>
	</object>
	<object>
		<name>pentants</name>
		<pose>Unspecified</pose>
		<truncated>0</truncated>
		<difficult>0</difficult>
		<bndbox>
			<xmin>292</xmin>
			<ymin>331</ymin>
			<xmax>368</xmax>
			<ymax>439</ymax>
		</bndbox>
	</object>
	<object>
		<name>pentants</name>
		<pose>Unspecified</pose>
		<truncated>0</truncated>
		<difficult>0</difficult>
		<bndbox>
			<xmin>311</xmin>
			<ymin>361</ymin>
			<xmax>364</xmax>
			<ymax>410</ymax>
		</bndbox>
	</object>
	<object>
		<name>apron</name>
		<pose>Unspecified</pose>
		<truncated>0</truncated>
		<difficult>0</difficult>
		<bndbox>
			<xmin>144</xmin>
			<ymin>478</ymin>
			<xmax>261</xmax>
			<ymax>591</ymax>
		</bndbox>
	</object>
	<object>
		<name>apron</name>
		<pose>Unspecified</pose>
		<truncated>0</truncated>
		<difficult>0</difficult>
		<bndbox>
			<xmin>182</xmin>
			<ymin>525</ymin>
			<xmax>261</xmax>
			<ymax>591</ymax>
		</bndbox>
	</object>
	<object>
		<name>apron</name>
		<pose>Unspecified</pose>
		<truncated>0</truncated>
		<difficult>0</difficult>
		<bndbox>
			<xmin>271</xmin>
			<ymin>483</ymin>
			<xmax>350</xmax>
			<ymax>581</ymax>
		</bndbox>
	</object>
	<object>
		<name>apron</name>
		<pose>Unspecified</pose>
		<truncated>0</truncated>
		<difficult>0</difficult>
		<bndbox>
			<xmin>273</xmin>
			<ymin>507</ymin>
			<xmax>332</xmax>
			<ymax>587</ymax>
		</bndbox>
	</object>
</annotation>
