<annotation>
	<folder>img_left</folder>
	<filename>left_A56_88-39_2_F_bodydecoration.jpg</filename>
	<path>C:\Users\Annika\Desktop\Uni\SoSe_18\KI_Cultural_Heritage_Upper_Brandberg\bilder\img_left\left_A56_88-39_2_F_bodydecoration.jpg</path>
	<source>
		<database>Unknown</database>
	</source>
	<size>
		<width>644</width>
		<height>624</height>
		<depth>3</depth>
	</size>
	<segmented>0</segmented>
	<object>
		<name>human</name>
		<pose>Unspecified</pose>
		<truncated>1</truncated>
		<difficult>0</difficult>
		<bndbox>
			<xmin>13</xmin>
			<ymin>57</ymin>
			<xmax>340</xmax>
			<ymax>624</ymax>
		</bndbox>
	</object>
	<object>
		<name>human</name>
		<pose>Unspecified</pose>
		<truncated>1</truncated>
		<difficult>0</difficult>
		<bndbox>
			<xmin>339</xmin>
			<ymin>1</ymin>
			<xmax>615</xmax>
			<ymax>519</ymax>
		</bndbox>
	</object>
	<object>
		<name>stick</name>
		<pose>Unspecified</pose>
		<truncated>0</truncated>
		<difficult>0</difficult>
		<bndbox>
			<xmin>13</xmin>
			<ymin>162</ymin>
			<xmax>77</xmax>
			<ymax>255</ymax>
		</bndbox>
	</object>
	<object>
		<name>stick</name>
		<pose>Unspecified</pose>
		<truncated>0</truncated>
		<difficult>0</difficult>
		<bndbox>
			<xmin>320</xmin>
			<ymin>136</ymin>
			<xmax>368</xmax>
			<ymax>443</ymax>
		</bndbox>
	</object>
	<object>
		<name>apron</name>
		<pose>Unspecified</pose>
		<truncated>0</truncated>
		<difficult>0</difficult>
		<bndbox>
			<xmin>520</xmin>
			<ymin>198</ymin>
			<xmax>587</xmax>
			<ymax>271</ymax>
		</bndbox>
	</object>
	<object>
		<name>stick</name>
		<pose>Unspecified</pose>
		<truncated>0</truncated>
		<difficult>0</difficult>
		<bndbox>
			<xmin>416</xmin>
			<ymin>38</ymin>
			<xmax>591</xmax>
			<ymax>174</ymax>
		</bndbox>
	</object>
</annotation>
