<annotation>
	<folder>img_left</folder>
	<filename>left_A37_4_1_B_man.png</filename>
	<path>C:\Users\Annika\Desktop\Uni\SoSe_18\KI_Cultural_Heritage_Upper_Brandberg\bilder\img_left\left_A37_4_1_B_man.png</path>
	<source>
		<database>Unknown</database>
	</source>
	<size>
		<width>515</width>
		<height>957</height>
		<depth>3</depth>
	</size>
	<segmented>0</segmented>
	<object>
		<name>human</name>
		<pose>Unspecified</pose>
		<truncated>1</truncated>
		<difficult>0</difficult>
		<bndbox>
			<xmin>237</xmin>
			<ymin>15</ymin>
			<xmax>515</xmax>
			<ymax>897</ymax>
		</bndbox>
	</object>
	<object>
		<name>bow</name>
		<pose>Unspecified</pose>
		<truncated>0</truncated>
		<difficult>0</difficult>
		<bndbox>
			<xmin>21</xmin>
			<ymin>316</ymin>
			<xmax>305</xmax>
			<ymax>776</ymax>
		</bndbox>
	</object>
	<object>
		<name>bag</name>
		<pose>Unspecified</pose>
		<truncated>0</truncated>
		<difficult>0</difficult>
		<bndbox>
			<xmin>134</xmin>
			<ymin>311</ymin>
			<xmax>386</xmax>
			<ymax>650</ymax>
		</bndbox>
	</object>
</annotation>
