<annotation>
	<folder>img_left</folder>
	<filename>left_A64_9-10_1_B.jpg</filename>
	<path>C:\Users\Annika\Desktop\Uni\SoSe_18\KI_Cultural_Heritage_Upper_Brandberg\bilder\img_left\left_A64_9-10_1_B.jpg</path>
	<source>
		<database>Unknown</database>
	</source>
	<size>
		<width>1506</width>
		<height>1016</height>
		<depth>3</depth>
	</size>
	<segmented>0</segmented>
	<object>
		<name>human</name>
		<pose>Unspecified</pose>
		<truncated>0</truncated>
		<difficult>0</difficult>
		<bndbox>
			<xmin>34</xmin>
			<ymin>26</ymin>
			<xmax>734</xmax>
			<ymax>976</ymax>
		</bndbox>
	</object>
	<object>
		<name>human</name>
		<pose>Unspecified</pose>
		<truncated>0</truncated>
		<difficult>0</difficult>
		<bndbox>
			<xmin>748</xmin>
			<ymin>62</ymin>
			<xmax>1421</xmax>
			<ymax>1009</ymax>
		</bndbox>
	</object>
	<object>
		<name>bag</name>
		<pose>Unspecified</pose>
		<truncated>0</truncated>
		<difficult>0</difficult>
		<bndbox>
			<xmin>1048</xmin>
			<ymin>306</ymin>
			<xmax>1341</xmax>
			<ymax>426</ymax>
		</bndbox>
	</object>
</annotation>
