<annotation>
	<folder>img_left</folder>
	<filename>objects_02.jpg</filename>
	<path>C:\Users\Annika\Desktop\Uni\SoSe_18\KI_Cultural_Heritage_Upper_Brandberg\bilder\img_left\objects_02.jpg</path>
	<source>
		<database>Unknown</database>
	</source>
	<size>
		<width>685</width>
		<height>508</height>
		<depth>3</depth>
	</size>
	<segmented>0</segmented>
	<object>
		<name>instrument</name>
		<pose>Unspecified</pose>
		<truncated>0</truncated>
		<difficult>0</difficult>
		<bndbox>
			<xmin>56</xmin>
			<ymin>37</ymin>
			<xmax>87</xmax>
			<ymax>117</ymax>
		</bndbox>
	</object>
	<object>
		<name>instrument</name>
		<pose>Unspecified</pose>
		<truncated>0</truncated>
		<difficult>0</difficult>
		<bndbox>
			<xmin>162</xmin>
			<ymin>41</ymin>
			<xmax>218</xmax>
			<ymax>129</ymax>
		</bndbox>
	</object>
	<object>
		<name>instrument</name>
		<pose>Unspecified</pose>
		<truncated>0</truncated>
		<difficult>0</difficult>
		<bndbox>
			<xmin>256</xmin>
			<ymin>31</ymin>
			<xmax>305</xmax>
			<ymax>128</ymax>
		</bndbox>
	</object>
	<object>
		<name>instrument</name>
		<pose>Unspecified</pose>
		<truncated>0</truncated>
		<difficult>0</difficult>
		<bndbox>
			<xmin>365</xmin>
			<ymin>32</ymin>
			<xmax>412</xmax>
			<ymax>125</ymax>
		</bndbox>
	</object>
	<object>
		<name>instrument</name>
		<pose>Unspecified</pose>
		<truncated>0</truncated>
		<difficult>0</difficult>
		<bndbox>
			<xmin>456</xmin>
			<ymin>35</ymin>
			<xmax>508</xmax>
			<ymax>123</ymax>
		</bndbox>
	</object>
	<object>
		<name>instrument</name>
		<pose>Unspecified</pose>
		<truncated>0</truncated>
		<difficult>0</difficult>
		<bndbox>
			<xmin>454</xmin>
			<ymin>187</ymin>
			<xmax>521</xmax>
			<ymax>261</ymax>
		</bndbox>
	</object>
	<object>
		<name>stick</name>
		<pose>Unspecified</pose>
		<truncated>0</truncated>
		<difficult>0</difficult>
		<bndbox>
			<xmin>226</xmin>
			<ymin>370</ymin>
			<xmax>312</xmax>
			<ymax>456</ymax>
		</bndbox>
	</object>
	<object>
		<name>stick</name>
		<pose>Unspecified</pose>
		<truncated>0</truncated>
		<difficult>0</difficult>
		<bndbox>
			<xmin>335</xmin>
			<ymin>371</ymin>
			<xmax>426</xmax>
			<ymax>452</ymax>
		</bndbox>
	</object>
	<object>
		<name>stick</name>
		<pose>Unspecified</pose>
		<truncated>0</truncated>
		<difficult>0</difficult>
		<bndbox>
			<xmin>429</xmin>
			<ymin>371</ymin>
			<xmax>517</xmax>
			<ymax>450</ymax>
		</bndbox>
	</object>
</annotation>
