<annotation>
	<folder>img_left</folder>
	<filename>left_A56_66-67_1_D_bow.jpg</filename>
	<path>C:\Users\Annika\Desktop\Uni\SoSe_18\KI_Cultural_Heritage_Upper_Brandberg\bilder\img_left\left_A56_66-67_1_D_bow.jpg</path>
	<source>
		<database>Unknown</database>
	</source>
	<size>
		<width>321</width>
		<height>399</height>
		<depth>3</depth>
	</size>
	<segmented>0</segmented>
	<object>
		<name>bow</name>
		<pose>Unspecified</pose>
		<truncated>0</truncated>
		<difficult>0</difficult>
		<bndbox>
			<xmin>57</xmin>
			<ymin>66</ymin>
			<xmax>212</xmax>
			<ymax>331</ymax>
		</bndbox>
	</object>
	<object>
		<name>bow</name>
		<pose>Unspecified</pose>
		<truncated>1</truncated>
		<difficult>0</difficult>
		<bndbox>
			<xmin>100</xmin>
			<ymin>1</ymin>
			<xmax>255</xmax>
			<ymax>303</ymax>
		</bndbox>
	</object>
</annotation>
