<annotation>
	<folder>img_left</folder>
	<filename>left_A37_14-26_2_F_humans_housing.jpg</filename>
	<path>C:\Users\Annika\Desktop\Uni\SoSe_18\KI_Cultural_Heritage_Upper_Brandberg\bilder\img_left\left_A37_14-26_2_F_humans_housing.jpg</path>
	<source>
		<database>Unknown</database>
	</source>
	<size>
		<width>2815</width>
		<height>1109</height>
		<depth>3</depth>
	</size>
	<segmented>0</segmented>
	<object>
		<name>human</name>
		<pose>Unspecified</pose>
		<truncated>0</truncated>
		<difficult>0</difficult>
		<bndbox>
			<xmin>406</xmin>
			<ymin>17</ymin>
			<xmax>661</xmax>
			<ymax>722</ymax>
		</bndbox>
	</object>
	<object>
		<name>human</name>
		<pose>Unspecified</pose>
		<truncated>0</truncated>
		<difficult>0</difficult>
		<bndbox>
			<xmin>642</xmin>
			<ymin>61</ymin>
			<xmax>872</xmax>
			<ymax>900</ymax>
		</bndbox>
	</object>
	<object>
		<name>human</name>
		<pose>Unspecified</pose>
		<truncated>0</truncated>
		<difficult>0</difficult>
		<bndbox>
			<xmin>753</xmin>
			<ymin>122</ymin>
			<xmax>969</xmax>
			<ymax>828</ymax>
		</bndbox>
	</object>
	<object>
		<name>human</name>
		<pose>Unspecified</pose>
		<truncated>0</truncated>
		<difficult>0</difficult>
		<bndbox>
			<xmin>1000</xmin>
			<ymin>181</ymin>
			<xmax>1281</xmax>
			<ymax>925</ymax>
		</bndbox>
	</object>
	<object>
		<name>human</name>
		<pose>Unspecified</pose>
		<truncated>0</truncated>
		<difficult>0</difficult>
		<bndbox>
			<xmin>1103</xmin>
			<ymin>197</ymin>
			<xmax>1492</xmax>
			<ymax>847</ymax>
		</bndbox>
	</object>
	<object>
		<name>human</name>
		<pose>Unspecified</pose>
		<truncated>0</truncated>
		<difficult>0</difficult>
		<bndbox>
			<xmin>2350</xmin>
			<ymin>314</ymin>
			<xmax>2492</xmax>
			<ymax>608</ymax>
		</bndbox>
	</object>
</annotation>
