<annotation>
	<folder>img_left</folder>
	<filename>left_A56_3-4_1_D_wig.jpg</filename>
	<path>C:\Users\Annika\Desktop\Uni\SoSe_18\KI_Cultural_Heritage_Upper_Brandberg\bilder\img_left\left_A56_3-4_1_D_wig.jpg</path>
	<source>
		<database>Unknown</database>
	</source>
	<size>
		<width>386</width>
		<height>263</height>
		<depth>3</depth>
	</size>
	<segmented>0</segmented>
	<object>
		<name>headdeco</name>
		<pose>Unspecified</pose>
		<truncated>0</truncated>
		<difficult>0</difficult>
		<bndbox>
			<xmin>62</xmin>
			<ymin>78</ymin>
			<xmax>125</xmax>
			<ymax>152</ymax>
		</bndbox>
	</object>
	<object>
		<name>headdeco</name>
		<pose>Unspecified</pose>
		<truncated>0</truncated>
		<difficult>0</difficult>
		<bndbox>
			<xmin>245</xmin>
			<ymin>39</ymin>
			<xmax>361</xmax>
			<ymax>159</ymax>
		</bndbox>
	</object>
</annotation>
