<annotation>
	<folder>train</folder>
	<filename>objects_04.jpg</filename>
	<path>C:\Users\Annika\Desktop\Uni\SoSe_18\KI_Cultural_Heritage_Upper_Brandberg\bilder\train\objects_04.jpg</path>
	<source>
		<database>Unknown</database>
	</source>
	<size>
		<width>554</width>
		<height>633</height>
		<depth>3</depth>
	</size>
	<segmented>0</segmented>
	<object>
		<name>kaross</name>
		<pose>Unspecified</pose>
		<truncated>1</truncated>
		<difficult>0</difficult>
		<bndbox>
			<xmin>172</xmin>
			<ymin>1</ymin>
			<xmax>262</xmax>
			<ymax>120</ymax>
		</bndbox>
	</object>
	<object>
		<name>kaross</name>
		<pose>Unspecified</pose>
		<truncated>1</truncated>
		<difficult>0</difficult>
		<bndbox>
			<xmin>306</xmin>
			<ymin>1</ymin>
			<xmax>403</xmax>
			<ymax>121</ymax>
		</bndbox>
	</object>
	<object>
		<name>kaross</name>
		<pose>Unspecified</pose>
		<truncated>1</truncated>
		<difficult>0</difficult>
		<bndbox>
			<xmin>433</xmin>
			<ymin>1</ymin>
			<xmax>531</xmax>
			<ymax>119</ymax>
		</bndbox>
	</object>
	<object>
		<name>show</name>
		<pose>Unspecified</pose>
		<truncated>0</truncated>
		<difficult>0</difficult>
		<bndbox>
			<xmin>186</xmin>
			<ymin>223</ymin>
			<xmax>271</xmax>
			<ymax>270</ymax>
		</bndbox>
	</object>
	<object>
		<name>show</name>
		<pose>Unspecified</pose>
		<truncated>0</truncated>
		<difficult>0</difficult>
		<bndbox>
			<xmin>304</xmin>
			<ymin>228</ymin>
			<xmax>397</xmax>
			<ymax>268</ymax>
		</bndbox>
	</object>
	<object>
		<name>show</name>
		<pose>Unspecified</pose>
		<truncated>0</truncated>
		<difficult>0</difficult>
		<bndbox>
			<xmin>433</xmin>
			<ymin>221</ymin>
			<xmax>519</xmax>
			<ymax>270</ymax>
		</bndbox>
	</object>
	<object>
		<name>pendants</name>
		<pose>Unspecified</pose>
		<truncated>0</truncated>
		<difficult>0</difficult>
		<bndbox>
			<xmin>183</xmin>
			<ymin>335</ymin>
			<xmax>284</xmax>
			<ymax>432</ymax>
		</bndbox>
	</object>
	<object>
		<name>pendants</name>
		<pose>Unspecified</pose>
		<truncated>0</truncated>
		<difficult>0</difficult>
		<bndbox>
			<xmin>306</xmin>
			<ymin>333</ymin>
			<xmax>398</xmax>
			<ymax>432</ymax>
		</bndbox>
	</object>
	<object>
		<name>apron</name>
		<pose>Unspecified</pose>
		<truncated>0</truncated>
		<difficult>0</difficult>
		<bndbox>
			<xmin>206</xmin>
			<ymin>481</ymin>
			<xmax>274</xmax>
			<ymax>590</ymax>
		</bndbox>
	</object>
	<object>
		<name>apron</name>
		<pose>Unspecified</pose>
		<truncated>0</truncated>
		<difficult>0</difficult>
		<bndbox>
			<xmin>305</xmin>
			<ymin>477</ymin>
			<xmax>419</xmax>
			<ymax>593</ymax>
		</bndbox>
	</object>
	<object>
		<name>kaross</name>
		<pose>Unspecified</pose>
		<truncated>0</truncated>
		<difficult>0</difficult>
		<bndbox>
			<xmin>207</xmin>
			<ymin>19</ymin>
			<xmax>259</xmax>
			<ymax>80</ymax>
		</bndbox>
	</object>
	<object>
		<name>kaross</name>
		<pose>Unspecified</pose>
		<truncated>0</truncated>
		<difficult>0</difficult>
		<bndbox>
			<xmin>333</xmin>
			<ymin>15</ymin>
			<xmax>380</xmax>
			<ymax>59</ymax>
		</bndbox>
	</object>
	<object>
		<name>kaross</name>
		<pose>Unspecified</pose>
		<truncated>0</truncated>
		<difficult>0</difficult>
		<bndbox>
			<xmin>470</xmin>
			<ymin>11</ymin>
			<xmax>517</xmax>
			<ymax>95</ymax>
		</bndbox>
	</object>
	<object>
		<name>pendants</name>
		<pose>Unspecified</pose>
		<truncated>0</truncated>
		<difficult>0</difficult>
		<bndbox>
			<xmin>199</xmin>
			<ymin>366</ymin>
			<xmax>245</xmax>
			<ymax>405</ymax>
		</bndbox>
	</object>
	<object>
		<name>pendants</name>
		<pose>Unspecified</pose>
		<truncated>0</truncated>
		<difficult>0</difficult>
		<bndbox>
			<xmin>315</xmin>
			<ymin>356</ymin>
			<xmax>357</xmax>
			<ymax>400</ymax>
		</bndbox>
	</object>
	<object>
		<name>apron</name>
		<pose>Unspecified</pose>
		<truncated>0</truncated>
		<difficult>0</difficult>
		<bndbox>
			<xmin>233</xmin>
			<ymin>504</ymin>
			<xmax>276</xmax>
			<ymax>580</ymax>
		</bndbox>
	</object>
	<object>
		<name>apron</name>
		<pose>Unspecified</pose>
		<truncated>0</truncated>
		<difficult>0</difficult>
		<bndbox>
			<xmin>307</xmin>
			<ymin>521</ymin>
			<xmax>373</xmax>
			<ymax>587</ymax>
		</bndbox>
	</object>
</annotation>
