<annotation>
	<folder>Amis 1-33</folder>
	<filename>A2_23-25_2_B_.jpg</filename>
	<path>C:/Users/Sören/Documents/Cultural Heritage and Artificial Intelligence/Amis 1-33/A2_23-25_2_B_.jpg</path>
	<source>
		<database>Unknown</database>
	</source>
	<size>
		<width>714</width>
		<height>710</height>
		<depth>3</depth>
	</size>
	<segmented>0</segmented>
	<object>
		<name>human</name>
		<pose>Unspecified</pose>
		<truncated>0</truncated>
		<difficult>0</difficult>
		<bndbox>
			<xmin>46</xmin>
			<ymin>78</ymin>
			<xmax>166</xmax>
			<ymax>472</ymax>
		</bndbox>
	</object>
	<object>
		<name>human</name>
		<pose>Unspecified</pose>
		<truncated>0</truncated>
		<difficult>0</difficult>
		<bndbox>
			<xmin>173</xmin>
			<ymin>216</ymin>
			<xmax>377</xmax>
			<ymax>483</ymax>
		</bndbox>
	</object>
	<object>
		<name>human</name>
		<pose>Unspecified</pose>
		<truncated>0</truncated>
		<difficult>0</difficult>
		<bndbox>
			<xmin>332</xmin>
			<ymin>175</ymin>
			<xmax>660</xmax>
			<ymax>575</ymax>
		</bndbox>
	</object>
</annotation>
