<annotation>
	<folder>Amis 1-33</folder>
	<filename>A2_29-33_3_D_.jpg</filename>
	<path>C:/Users/Sören/Documents/Cultural Heritage and Artificial Intelligence/Amis 1-33/A2_29-33_3_D_.jpg</path>
	<source>
		<database>Unknown</database>
	</source>
	<size>
		<width>2169</width>
		<height>1596</height>
		<depth>3</depth>
	</size>
	<segmented>0</segmented>
	<object>
		<name>human</name>
		<pose>Unspecified</pose>
		<truncated>0</truncated>
		<difficult>0</difficult>
		<bndbox>
			<xmin>388</xmin>
			<ymin>229</ymin>
			<xmax>709</xmax>
			<ymax>908</ymax>
		</bndbox>
	</object>
	<object>
		<name>human</name>
		<pose>Unspecified</pose>
		<truncated>0</truncated>
		<difficult>0</difficult>
		<bndbox>
			<xmin>642</xmin>
			<ymin>43</ymin>
			<xmax>997</xmax>
			<ymax>898</ymax>
		</bndbox>
	</object>
	<object>
		<name>club</name>
		<pose>Unspecified</pose>
		<truncated>0</truncated>
		<difficult>0</difficult>
		<bndbox>
			<xmin>599</xmin>
			<ymin>455</ymin>
			<xmax>692</xmax>
			<ymax>644</ymax>
		</bndbox>
	</object>
</annotation>
