<annotation>
	<folder>A2</folder>
	<filename>A2_77_3_E_.jpg</filename>
	<path>C:/Users/Sören/Documents/Cultural Heritage and Artificial Intelligence/Amis 1-33/A2/A2_77_3_E_.jpg</path>
	<source>
		<database>Unknown</database>
	</source>
	<size>
		<width>1104</width>
		<height>928</height>
		<depth>3</depth>
	</size>
	<segmented>0</segmented>
	<object>
		<name>human</name>
		<pose>Unspecified</pose>
		<truncated>0</truncated>
		<difficult>0</difficult>
		<bndbox>
			<xmin>55</xmin>
			<ymin>191</ymin>
			<xmax>319</xmax>
			<ymax>710</ymax>
		</bndbox>
	</object>
</annotation>
