<annotation>
	<folder>Amis 1-33</folder>
	<filename>A1_15-17_1_A_.jpg</filename>
	<path>C:/Users/Sören/Documents/Cultural Heritage and Artificial Intelligence/Amis 1-33/A1_15-17_1_A_.jpg</path>
	<source>
		<database>Unknown</database>
	</source>
	<size>
		<width>698</width>
		<height>628</height>
		<depth>3</depth>
	</size>
	<segmented>0</segmented>
	<object>
		<name>human</name>
		<pose>Unspecified</pose>
		<truncated>0</truncated>
		<difficult>0</difficult>
		<bndbox>
			<xmin>70</xmin>
			<ymin>24</ymin>
			<xmax>401</xmax>
			<ymax>538</ymax>
		</bndbox>
	</object>
	<object>
		<name>human</name>
		<pose>Unspecified</pose>
		<truncated>0</truncated>
		<difficult>0</difficult>
		<bndbox>
			<xmin>382</xmin>
			<ymin>111</ymin>
			<xmax>639</xmax>
			<ymax>571</ymax>
		</bndbox>
	</object>
	<object>
		<name>stick</name>
		<pose>Unspecified</pose>
		<truncated>0</truncated>
		<difficult>0</difficult>
		<bndbox>
			<xmin>397</xmin>
			<ymin>115</ymin>
			<xmax>461</xmax>
			<ymax>238</ymax>
		</bndbox>
	</object>
</annotation>
