<annotation>
	<folder>Amis 1-33</folder>
	<filename>A2_26_2_B_.jpg</filename>
	<path>C:/Users/Sören/Documents/Cultural Heritage and Artificial Intelligence/Amis 1-33/A2_26_2_B_.jpg</path>
	<source>
		<database>Unknown</database>
	</source>
	<size>
		<width>840</width>
		<height>1032</height>
		<depth>3</depth>
	</size>
	<segmented>0</segmented>
	<object>
		<name>human</name>
		<pose>Unspecified</pose>
		<truncated>0</truncated>
		<difficult>0</difficult>
		<bndbox>
			<xmin>91</xmin>
			<ymin>65</ymin>
			<xmax>750</xmax>
			<ymax>933</ymax>
		</bndbox>
	</object>
</annotation>
