<annotation>
	<folder>Amis 1-33</folder>
	<filename>A2_21-22_2_B_.jpg</filename>
	<path>C:/Users/Sören/Documents/Cultural Heritage and Artificial Intelligence/Amis 1-33/A2_21-22_2_B_.jpg</path>
	<source>
		<database>Unknown</database>
	</source>
	<size>
		<width>657</width>
		<height>879</height>
		<depth>3</depth>
	</size>
	<segmented>0</segmented>
	<object>
		<name>human</name>
		<pose>Unspecified</pose>
		<truncated>0</truncated>
		<difficult>0</difficult>
		<bndbox>
			<xmin>60</xmin>
			<ymin>292</ymin>
			<xmax>188</xmax>
			<ymax>491</ymax>
		</bndbox>
	</object>
	<object>
		<name>human</name>
		<pose>Unspecified</pose>
		<truncated>0</truncated>
		<difficult>0</difficult>
		<bndbox>
			<xmin>192</xmin>
			<ymin>84</ymin>
			<xmax>505</xmax>
			<ymax>781</ymax>
		</bndbox>
	</object>
</annotation>
