<annotation>
	<folder>A2</folder>
	<filename>A2_82-86_3_E_.jpg</filename>
	<path>C:\Users\Annika\Desktop\Uni\SoSe_18\KI_Cultural_Heritage_Upper_Brandberg\bilder\A2\A2_82-86_3_E_.jpg</path>
	<source>
		<database>Unknown</database>
	</source>
	<size>
		<width>1004</width>
		<height>588</height>
		<depth>3</depth>
	</size>
	<segmented>0</segmented>
	<object>
		<name>human</name>
		<pose>Unspecified</pose>
		<truncated>0</truncated>
		<difficult>0</difficult>
		<bndbox>
			<xmin>29</xmin>
			<ymin>117</ymin>
			<xmax>206</xmax>
			<ymax>351</ymax>
		</bndbox>
	</object>
	<object>
		<name>human</name>
		<pose>Unspecified</pose>
		<truncated>0</truncated>
		<difficult>0</difficult>
		<bndbox>
			<xmin>113</xmin>
			<ymin>87</ymin>
			<xmax>344</xmax>
			<ymax>417</ymax>
		</bndbox>
	</object>
	<object>
		<name>human</name>
		<pose>Unspecified</pose>
		<truncated>0</truncated>
		<difficult>0</difficult>
		<bndbox>
			<xmin>404</xmin>
			<ymin>135</ymin>
			<xmax>580</xmax>
			<ymax>451</ymax>
		</bndbox>
	</object>
	<object>
		<name>human</name>
		<pose>Unspecified</pose>
		<truncated>0</truncated>
		<difficult>0</difficult>
		<bndbox>
			<xmin>612</xmin>
			<ymin>187</ymin>
			<xmax>822</xmax>
			<ymax>501</ymax>
		</bndbox>
	</object>
	<object>
		<name>human</name>
		<pose>Unspecified</pose>
		<truncated>0</truncated>
		<difficult>0</difficult>
		<bndbox>
			<xmin>804</xmin>
			<ymin>193</ymin>
			<xmax>974</xmax>
			<ymax>499</ymax>
		</bndbox>
	</object>
	<object>
		<name>headdeco</name>
		<pose>Unspecified</pose>
		<truncated>0</truncated>
		<difficult>0</difficult>
		<bndbox>
			<xmin>241</xmin>
			<ymin>88</ymin>
			<xmax>296</xmax>
			<ymax>133</ymax>
		</bndbox>
	</object>
	<object>
		<name>headdeco</name>
		<pose>Unspecified</pose>
		<truncated>0</truncated>
		<difficult>0</difficult>
		<bndbox>
			<xmin>460</xmin>
			<ymin>134</ymin>
			<xmax>522</xmax>
			<ymax>188</ymax>
		</bndbox>
	</object>
	<object>
		<name>headdeco</name>
		<pose>Unspecified</pose>
		<truncated>0</truncated>
		<difficult>0</difficult>
		<bndbox>
			<xmin>689</xmin>
			<ymin>189</ymin>
			<xmax>750</xmax>
			<ymax>237</ymax>
		</bndbox>
	</object>
</annotation>
