<annotation>
	<folder>A3</folder>
	<filename>A3_10-12_1_A_.jpg</filename>
	<path>C:\Users\Annika\Desktop\Uni\SoSe_18\KI_Cultural_Heritage_Upper_Brandberg\bilder\A3\A3_10-12_1_A_.jpg</path>
	<source>
		<database>Unknown</database>
	</source>
	<size>
		<width>1088</width>
		<height>878</height>
		<depth>3</depth>
	</size>
	<segmented>0</segmented>
	<object>
		<name>human</name>
		<pose>Unspecified</pose>
		<truncated>0</truncated>
		<difficult>0</difficult>
		<bndbox>
			<xmin>512</xmin>
			<ymin>69</ymin>
			<xmax>895</xmax>
			<ymax>765</ymax>
		</bndbox>
	</object>
	<object>
		<name>headdeco</name>
		<pose>Unspecified</pose>
		<truncated>0</truncated>
		<difficult>0</difficult>
		<bndbox>
			<xmin>215</xmin>
			<ymin>201</ymin>
			<xmax>323</xmax>
			<ymax>349</ymax>
		</bndbox>
	</object>
	<object>
		<name>headdeco</name>
		<pose>Unspecified</pose>
		<truncated>0</truncated>
		<difficult>0</difficult>
		<bndbox>
			<xmin>576</xmin>
			<ymin>96</ymin>
			<xmax>680</xmax>
			<ymax>202</ymax>
		</bndbox>
	</object>
	<object>
		<name>headdeco</name>
		<pose>Unspecified</pose>
		<truncated>0</truncated>
		<difficult>0</difficult>
		<bndbox>
			<xmin>782</xmin>
			<ymin>50</ymin>
			<xmax>867</xmax>
			<ymax>156</ymax>
		</bndbox>
	</object>
	<object>
		<name>bow</name>
		<pose>Unspecified</pose>
		<truncated>0</truncated>
		<difficult>0</difficult>
		<bndbox>
			<xmin>59</xmin>
			<ymin>375</ymin>
			<xmax>486</xmax>
			<ymax>541</ymax>
		</bndbox>
	</object>
	<object>
		<name>bow</name>
		<pose>Unspecified</pose>
		<truncated>0</truncated>
		<difficult>0</difficult>
		<bndbox>
			<xmin>452</xmin>
			<ymin>313</ymin>
			<xmax>781</xmax>
			<ymax>480</ymax>
		</bndbox>
	</object>
	<object>
		<name>bow</name>
		<pose>Unspecified</pose>
		<truncated>0</truncated>
		<difficult>0</difficult>
		<bndbox>
			<xmin>750</xmin>
			<ymin>260</ymin>
			<xmax>865</xmax>
			<ymax>360</ymax>
		</bndbox>
	</object>
</annotation>
