<annotation>
	<folder>A3</folder>
	<filename>A3_90-92_4_C_.jpg</filename>
	<path>C:/Users/Sören/Documents/Cultural Heritage and Artificial Intelligence/Amis 1-33/A3/A3_90-92_4_C_.jpg</path>
	<source>
		<database>Unknown</database>
	</source>
	<size>
		<width>738</width>
		<height>885</height>
		<depth>3</depth>
	</size>
	<segmented>0</segmented>
	<object>
		<name>human</name>
		<pose>Unspecified</pose>
		<truncated>0</truncated>
		<difficult>0</difficult>
		<bndbox>
			<xmin>125</xmin>
			<ymin>67</ymin>
			<xmax>316</xmax>
			<ymax>747</ymax>
		</bndbox>
	</object>
	<object>
		<name>human</name>
		<pose>Unspecified</pose>
		<truncated>0</truncated>
		<difficult>0</difficult>
		<bndbox>
			<xmin>355</xmin>
			<ymin>79</ymin>
			<xmax>545</xmax>
			<ymax>789</ymax>
		</bndbox>
	</object>
	<object>
		<name>bow</name>
		<pose>Unspecified</pose>
		<truncated>0</truncated>
		<difficult>0</difficult>
		<bndbox>
			<xmin>86</xmin>
			<ymin>258</ymin>
			<xmax>198</xmax>
			<ymax>329</ymax>
		</bndbox>
	</object>
	<object>
		<name>bag</name>
		<pose>Unspecified</pose>
		<truncated>0</truncated>
		<difficult>0</difficult>
		<bndbox>
			<xmin>81</xmin>
			<ymin>199</ymin>
			<xmax>273</xmax>
			<ymax>392</ymax>
		</bndbox>
	</object>
</annotation>
